"OrderID","CityID"
"292","46564"
"296","38288"
"1157","70871"
"2138","71859"
"2437","59416"
"2967","46997"
"3060","64635"
"3107","48118"
"4121","47005"
"4431","53088"
"4457","57087"
"4616","40959"
"4652","48118"
"5112","61083"
"5423","59893"
"5549","56156"
"5982","56239"
"6155","46657"
"6356","69994"
"6655","64929"
"7293","69540"
"7950","51544"
"8163","45502"
"8809","41500"
"9624","65187"
"9793","73351"
"10158","58788"
"10232","72594"
"10251","56239"
"10739","39257"
"11055","69686"
"11356","65312"
"11469","59457"
"11557","45226"
"11600","50845"
"11693","45092"
"11878","52702"
"12040","70871"
"11918","44863"
"12563","60480"
"13332","70545"
"14261","48118"
"16083","57058"
"16248","50656"
"16940","59037"
"17190","48589"
"17237","54755"
"17338","66646"
"17814","71783"
"17734","53792"
"18781","70923"
"19581","68728"
"19508","44439"
"19707","45331"
"19814","69540"
"20009","57141"
"20201","45502"
"20208","74470"
"20518","59037"
"21778","48147"
"22461","51796"
"22625","59457"
"22801","49062"
"22812","56868"
"22970","53573"
"24802","47479"
"25578","60480"
"25859","43652"
"26053","70644"
"26307","58540"
"26989","71855"
"27018","72803"
"28157","58351"
"28381","45371"
"28807","73446"
"29204","42646"
"29235","68640"
"29927","38343"
"30204","55117"
"30446","41358"
"30972","75669"
"31095","41358"
"31136","46186"
"31147","87114"
"31160","67832"
"31403","40225"
"31839","87354"
"32222","87354"
"32366","76069"
"34274","64853"
"34491","57493"
"35265","64280"
"36392","44370"
"37024","45092"
"37294","72803"
"37779","87261"
"37963","38005"
"38630","66241"
"38833","50297"
"39067","74843"
"39265","89681"
"40151","84735"
"40215","50297"
"40256","76097"
"40470","72808"
"41383","68504"
"41406","89718"
"41409","84465"
"41521","77822"
"41696","51999"
"41594","60328"
"41606","76069"
"41892","87114"
"42318","83907"
"43072","90111"
"43181","83400"
"43429","46952"
"43694","72803"
"43845","84488"
"44011","63386"
"44130","69146"
"44204","61143"
"44752","92132"
"45107","76778"
"45645","78724"
"45807","54725"
"45954","61111"
"46366","41144"
"46608","82801"
"46800","57498"
"46825","61239"
"46777","89596"
"46999","45092"
"47004","44370"
"47260","61503"
"47661","54587"
"47697","91452"
"48052","66127"
"48632","88100"
"48725","80253"
"49660","87366"
"49872","44710"
"50752","63227"
"50871","52743"
"52156","87366"
"52392","84694"
"53592","47459"
"54707","89604"
"55166","82716"
"55759","87889"
"56088","42607"
"56261","72561"
"57124","80107"
"57412","48988"
"57863","45084"
"57827","62396"
"58378","81012"
"60136","56156"
"60397","81839"
"60351","83121"
"60206","91330"
"60222","60480"
"60955","82104"
"564","64853"
"912","70600"
"1022","61143"
"1112","48482"
"1827","70923"
"1946","53682"
"2203","65852"
"2776","39777"
"2935","40339"
"4137","64635"
"4821","70700"
"5357","54957"
"5451","72450"
"5645","52862"
"5899","65272"
"6158","46657"
"6660","38288"
"7186","57489"
"7373","57489"
"7386","62954"
"7524","63951"
"7716","54571"
"7825","47673"
"8187","54069"
"8539","59383"
"9010","37955"
"9226","39216"
"9741","46950"
"10476","61239"
"10631","67578"
"10591","54121"
"10742","51006"
"10985","72149"
"11120","70871"
"11565","68728"
"11912","69386"
"13168","54571"
"13366","53050"
"13700","66646"
"14222","48641"
"14499","57489"
"14723","62396"
"14811","49531"
"15044","56631"
"16231","41497"
"16310","38318"
"16569","51544"
"16571","59037"
"17463","66011"
"17852","65312"
"17708","39681"
"18096","54121"
"18120","72782"
"18220","64966"
"18251","56954"
"19280","44986"
"19473","51544"
"19633","50305"
"19817","49222"
"20226","58530"
"20352","66395"
"21316","74447"
"22376","67578"
"22566","39957"
"23047","71601"
"23108","45949"
"23161","64015"
"24093","54755"
"24187","71601"
"24212","39204"
"24434","41923"
"24596","73353"
"24782","51780"
"24922","72561"
"25682","62954"
"25734","42646"
"25942","48409"
"26255","59913"
"26401","58731"
"26801","52042"
"26691","51780"
"26965","72425"
"27388","72808"
"27481","58467"
"27588","54121"
"27638","50394"
"27959","67589"
"28208","72808"
"29173","59383"
"29485","52862"
"29874","42646"
"29935","48331"
"29907","46186"
"30941","66646"
"30954","56738"
"31696","53050"
"32026","74843"
"33986","48988"
"34223","49568"
"34267","73351"
"34473","84327"
"34738","84011"
"34801","48147"
"34852","62954"
"34944","80089"
"36694","50297"
"36809","88053"
"36945","51652"
"37540","83547"
"38346","56047"
"38588","86437"
"39495","81598"
"39755","48147"
"40473","70234"
"41071","86057"
"41816","47005"
"42291","56239"
"42395","83400"
"42851","40704"
"43581","47005"
"44170","90082"
"44506","90570"
"44920","64280"
"45165","85693"
"45947","87261"
"45963","84011"
"46343","65187"
"46454","38209"
"47426","76129"
"47680","57493"
"47854","72760"
"47941","63227"
"48420","82801"
"48511","85117"
"49486","72808"
"49883","66109"
"49977","65312"
"50490","47644"
"51137","48147"
"51320","54755"
"51337","92526"
"51902","67032"
"51926","43652"
"52468","41497"
"53098","42362"
"53342","39562"
"54695","90082"
"55270","71855"
"55524","62508"
"56519","84735"
"57213","62508"
"58568","62442"
"58588","46657"
"58813","45226"
"58864","51796"
"59051","62954"
"59561","86437"
"60141","64635"
"60692","64280"
"60806","37955"
"283","53792"
"547","52637"
"693","67832"
"890","71564"
"1144","63951"
"1399","39957"
"1765","72450"
"1930","39777"
"2204","65852"
"2521","41923"
"2648","72610"
"3120","40608"
"4765","63044"
"5537","61143"
"5792","45092"
"6431","45331"
"6700","51350"
"6810","61486"
"6903","53682"
"6912","64929"
"7410","48331"
"7917","53016"
"8556","64966"
"8833","64015"
"8848","53304"
"9377","72561"
"9787","49413"
"10045","74480"
"10318","53912"
"10604","53912"
"12260","62508"
"12473","49413"
"12636","68728"
"12692","64370"
"12705","40944"
"12788","44781"
"13161","67391"
"13296","52261"
"13507","68728"
"13682","58540"
"13774","64360"
"13777","44039"
"14042","56541"
"13987","61597"
"14092","48641"
"14743","67402"
"14842","59893"
"15023","45226"
"15102","72760"
"15360","71783"
"15711","59416"
"15738","46186"
"16014","39667"
"16383","40704"
"16629","48409"
"16566","51544"
"16841","73446"
"17694","65763"
"17988","49736"
"18111","68640"
"18685","64853"
"19082","41081"
"19159","72149"
"19352","40257"
"19490","72760"
"20723","75692"
"21402","54571"
"21672","70644"
"21740","42181"
"21839","45331"
"22435","70700"
"22481","49915"
"22602","51350"
"22841","59457"
"23892","61264"
"23971","39204"
"24031","58467"
"24431","52871"
"24385","57097"
"24316","69540"
"25442","69191"
"25639","48147"
"25878","50420"
"25845","40600"
"26147","46564"
"26462","69386"
"27952","52871"
"27991","50129"
"28507","38343"
"29234","68640"
"29544","72425"
"29640","40944"
"29988","49990"
"29996","41896"
"30260","58407"
"30297","58830"
"31242","66127"
"31675","79066"
"31517","44724"
"32099","61111"
"33224","50845"
"34015","87288"
"34325","76101"
"34341","61486"
"35508","48988"
"36001","68504"
"36020","46657"
"36661","40550"
"36697","50297"
"37017","44439"
"37204","50290"
"37623","69146"
"37917","64929"
"38199","90570"
"39746","49016"
"40109","51929"
"40602","90580"
"40806","57753"
"40837","77088"
"41526","62508"
"41877","50290"
"42165","72743"
"43167","52715"
"44666","78550"
"44887","69146"
"44989","66109"
"46197","86437"
"46680","44986"
"46935","83547"
"47384","87969"
"47714","76097"
"47775","49062"
"48578","41500"
"49057","65311"
"49540","83640"
"49838","90858"
"49842","55710"
"50330","41238"
"50583","65187"
"50552","47673"
"50827","87354"
"51097","70400"
"51864","52715"
"52384","80752"
"52406","75938"
"53338","89596"
"53716","84488"
"53886","61717"
"55158","79962"
"55267","61486"
"55180","62442"
"55336","63386"
"55536","87826"
"55746","89450"
"55895","77866"
"55995","76069"
"56094","76097"
"56422","70923"
"56645","79477"
"56848","87543"
"57037","43990"
"57206","40704"
"58015","87889"
"58314","88148"
"58501","41398"
"58830","85883"
"58875","76129"
"59671","62396"
"59542","59913"
"60050","67032"
"61529","91271"
"700","57592"
"785","59321"
"1263","71564"
"1359","61044"
"1997","45887"
"2026","60328"
"2424","50845"
"2612","56993"
"3093","40339"
"3157","53682"
"3222","67391"
"3405","57278"
"3508","73446"
"4356","70700"
"4515","39192"
"4756","43161"
"5668","72743"
"5891","41500"
"6015","44986"
"6920","56738"
"6935","40659"
"7090","73446"
"8037","56738"
"8158","41500"
"8673","45331"
"8845","53304"
"9268","50094"
"9148","39346"
"9464","49655"
"10187","60388"
"10470","75266"
"11151","66579"
"11662","49036"
"12186","59350"
"12224","57058"
"12778","61044"
"12828","41497"
"12941","44316"
"12999","49990"
"13824","57097"
"15177","48147"
"15690","40879"
"15932","38209"
"16734","55710"
"18422","57097"
"18468","46186"
"18557","40225"
"19267","75450"
"20031","57087"
"20370","55140"
"20581","44986"
"20536","38288"
"21372","54121"
"21840","45331"
"22714","53792"
"22983","67391"
"23247","64693"
"23402","66094"
"23609","39257"
"24637","52309"
"25049","65312"
"26745","52042"
"26765","75266"
"27449","46034"
"27779","57369"
"28308","70871"
"28283","39257"
"29260","68939"
"29645","50394"
"29679","45502"
"30102","48641"
"30326","45949"
"30627","45725"
"31138","72561"
"31850","89325"
"32319","55710"
"32775","84488"
"32962","66241"
"32879","86437"
"34369","72782"
"34680","49568"
"36758","90821"
"37501","85693"
"37677","56156"
"37911","44781"
"38099","83121"
"38227","79066"
"38964","63191"
"39236","76970"
"39874","37955"
"40067","52553"
"40504","77866"
"40687","66241"
"41669","45084"
"41869","72450"
"41994","53050"
"42396","88053"
"42562","42713"
"42594","44986"
"42735","85854"
"42630","52156"
"43190","40257"
"43685","50297"
"44698","40273"
"44903","81238"
"45399","79797"
"45744","41238"
"45785","69884"
"45881","69191"
"46110","39562"
"46139","81238"
"46182","84249"
"46239","77321"
"46368","41144"
"46588","90111"
"46679","38005"
"47130","77321"
"47579","86429"
"47677","78724"
"47889","82656"
"47952","90580"
"48079","62396"
"48093","44986"
"48801","77088"
"49447","87261"
"49701","42455"
"49876","63386"
"50382","51780"
"50225","56047"
"50813","79440"
"51057","87402"
"52389","92524"
"52461","86001"
"52667","38005"
"52900","87889"
"53160","56140"
"53475","78610"
"53747","49062"
"54299","62396"
"55642","87826"
"56224","87419"
"56267","64635"
"56777","61143"
"57275","66127"
"57371","38209"
"57567","50290"
"57931","61793"
"57995","76069"
"58678","56047"
"58711","82656"
"59708","65311"
"59711","74843"
"60519","88060"
"60551","65272"
"60735","61111"
"60958","82104"
"61132","41238"
"61214","74843"
"61580","52743"
"673","40600"
"1045","48449"
"1592","66109"
"1727","63191"
"2451","53792"
"2681","46034"
"2801","42362"
"4367","66109"
"4414","56140"
"4527","48778"
"4693","48589"
"5458","72561"
"6726","45600"
"6646","72450"
"7067","61143"
"7196","42181"
"7331","38135"
"8832","48482"
"8909","68640"
"8989","47188"
"9206","73983"
"9176","41749"
"9353","54755"
"9580","59569"
"9654","73983"
"9857","42713"
"9974","54069"
"10123","72610"
"10554","41699"
"10982","38209"
"11686","53385"
"12027","56868"
"11961","57087"
"12212","51652"
"12341","74480"
"13350","45600"
"13582","42607"
"14622","61361"
"14764","40861"
"14961","63764"
"15142","48641"
"15231","59778"
"15554","46950"
"16153","49163"
"16564","59893"
"16618","66241"
"17253","59416"
"17725","48449"
"18488","38209"
"18995","49016"
"19232","60388"
"20471","46997"
"21162","63735"
"21588","46950"
"21955","42607"
"22341","75467"
"22512","50656"
"23042","54587"
"23089","46997"
"23316","67032"
"23267","52630"
"23608","39257"
"25440","69191"
"26070","63951"
"26270","44039"
"26174","54957"
"26183","57369"
"26855","56954"
"28801","49736"
"28820","71859"
"29741","43133"
"29625","51006"
"30432","53109"
"30464","68855"
"30787","41398"
"31092","72803"
"31122","41358"
"31826","38209"
"32351","53050"
"32609","44986"
"32744","84011"
"33391","71855"
"33404","92132"
"33935","63191"
"33905","53016"
"33710","44710"
"34715","44724"
"35323","76101"
"35940","39371"
"36678","67578"
"36793","88162"
"38825","67032"
"39282","86437"
"39912","40704"
"40191","72743"
"40475","70234"
"40766","83092"
"40853","70400"
"41057","65312"
"41285","38209"
"41875","77088"
"41922","83121"
"42093","42607"
"42440","43292"
"42537","81837"
"42807","82801"
"43070","90111"
"44923","80089"
"44996","71029"
"45048","65187"
"45952","61111"
"46519","66579"
"46547","90614"
"46661","64693"
"46916","46564"
"47890","66011"
"48076","93341"
"48086","89634"
"48392","92188"
"48625","59913"
"49286","81598"
"50619","89718"
"51152","52630"
"51941","38209"
"52015","88060"
"52388","92524"
"52617","85957"
"52818","70923"
"53273","68640"
"53704","46952"
"54470","91372"
"54258","40659"
"54982","77321"
"55096","61083"
"55689","77866"
"56310","84735"
"56317","66109"
"56595","87366"
"56703","71855"
"57370","38209"
"57855","56244"
"58340","83640"
"58447","84775"
"58937","84488"
"59104","42583"
"59216","38744"
"59243","91271"
"59770","42583"
"60116","51780"
"60393","81839"
"60442","52743"
"60978","73351"
"60933","39337"
"61505","79477"
"1104","69686"
"1107","45429"
"1108","43292"
"1244","48331"
"1633","69540"
"2370","44370"
"2800","42362"
"2807","55146"
"2892","61793"
"3075","38744"
"3349","45092"
"3914","57327"
"4071","51350"
"4239","47644"
"4403","38288"
"4583","49176"
"4860","56995"
"5048","72594"
"5513","49915"
"5647","59768"
"5757","47459"
"5978","66094"
"6472","57278"
"6986","67032"
"7089","73446"
"7460","50767"
"8515","72782"
"8542","41749"
"8858","50290"
"8969","49163"
"9507","45429"
"9453","66646"
"9637","53016"
"9862","59037"
"10059","53792"
"10243","44986"
"11041","66395"
"11298","52553"
"11767","45887"
"12038","70871"
"12829","41497"
"12869","61191"
"13063","49967"
"13124","65311"
"13241","38135"
"13301","75692"
"13677","39898"
"15862","59081"
"16905","45725"
"16897","39192"
"17056","43990"
"17254","59416"
"18977","56541"
"19392","68640"
"20572","40944"
"20877","45502"
"20982","57592"
"21384","65763"
"22692","70923"
"23333","75467"
"23513","56993"
"23967","73446"
"23977","61239"
"24941","49915"
"25331","62442"
"25343","68939"
"26599","50767"
"26743","39337"
"26818","39957"
"26881","52657"
"27084","50452"
"27608","53792"
"27655","48988"
"28132","42646"
"28617","44701"
"28623","72294"
"28695","54069"
"29703","38135"
"29827","65245"
"29953","46034"
"32042","72561"
"32448","47673"
"32672","81837"
"32557","52715"
"33550","91452"
"33756","80662"
"33837","82656"
"34101","83842"
"34436","49413"
"35078","64966"
"35263","90821"
"35958","41628"
"36026","64360"
"36784","38005"
"37201","60328"
"37293","72803"
"37400","87826"
"37506","40257"
"37529","79547"
"38108","53016"
"38310","66241"
"38450","61191"
"38406","65272"
"38894","62396"
"38987","61361"
"39371","44781"
"40634","78724"
"41131","87969"
"41215","73446"
"41303","81238"
"41663","72450"
"42328","72450"
"42894","66109"
"42906","69994"
"43690","61111"
"44578","67578"
"44588","90570"
"45257","54571"
"47082","79808"
"47950","44370"
"48246","70923"
"48305","72760"
"48359","72610"
"48706","69146"
"49419","50305"
"49659","91372"
"49873","44710"
"50404","79807"
"50672","81726"
"51464","83884"
"51311","56239"
"51557","54121"
"51886","81400"
"52787","89325"
"52868","66395"
"52972","73351"
"53007","91452"
"53422","66395"
"53753","83884"
"53825","76097"
"54195","87114"
"54573","52715"
"54899","73351"
"55763","41238"
"55988","46950"
"56126","81941"
"57021","52630"
"57608","51875"
"57638","61793"
"57714","57489"
"60203","87114"
"60520","81012"
"60736","61111"
"60758","79407"
"60807","37955"
"61253","40257"
"61540","60388"
"147","57097"
"290","46564"
"622","40704"
"763","40659"
"805","61793"
"1482","70400"
"1554","64015"
"1973","60388"
"2115","39957"
"2719","59569"
"3118","66395"
"3511","62396"
"3577","57493"
"3665","38744"
"4055","54121"
"4132","72760"
"4424","49915"
"4714","41699"
"4931","46950"
"5050","72594"
"5392","56541"
"5548","56156"
"5872","52630"
"6829","59779"
"7112","70871"
"7251","39257"
"7449","40944"
"8388","65272"
"9183","49531"
"10744","71859"
"11400","49696"
"11419","39777"
"11518","48331"
"12168","56047"
"12225","57058"
"13061","54587"
"14007","63191"
"14661","59037"
"14535","50784"
"15585","44710"
"15528","75467"
"15695","59776"
"15984","41896"
"16202","55341"
"16367","54121"
"16471","72610"
"16967","50555"
"17108","48482"
"17005","47479"
"18241","39667"
"18498","68728"
"19382","53682"
"19780","40778"
"19966","45092"
"20853","41144"
"20996","47459"
"21175","38343"
"21349","61264"
"21363","48641"
"21561","70282"
"22495","64635"
"22749","63386"
"22972","53573"
"23061","59383"
"23455","46583"
"23869","67557"
"23949","67557"
"24566","59430"
"25194","61264"
"25660","40659"
"25704","40959"
"25796","64693"
"25885","56156"
"26492","46564"
"26601","73736"
"26648","74472"
"27120","45331"
"27225","51929"
"27312","40778"
"28100","74843"
"28253","40273"
"28548","48449"
"28872","49036"
"29066","61239"
"29872","42646"
"29991","72808"
"29921","69884"
"30074","72561"
"30718","59893"
"31354","78550"
"31410","87602"
"31902","42583"
"32070","64929"
"32574","65312"
"32734","44701"
"32919","76101"
"32922","53109"
"33212","53304"
"34100","83842"
"34124","80089"
"34645","72743"
"34829","41081"
"34929","43990"
"35005","91770"
"35736","90614"
"35747","69994"
"35867","52871"
"36652","66395"
"36783","38005"
"37439","79805"
"37674","56156"
"37748","66241"
"37913","65312"
"37942","92526"
"38438","72610"
"38670","41699"
"39280","86437"
"40948","38005"
"41775","75467"
"42486","53091"
"42648","64853"
"42939","44724"
"43343","51652"
"43534","54571"
"43603","88868"
"43883","49036"
"43996","89325"
"44192","71783"
"44438","87889"
"44636","47005"
"45251","57834"
"45216","38318"
"45650","71783"
"45725","41466"
"45736","79477"
"45958","64360"
"46401","61361"
"46811","81941"
"46948","38318"
"46899","57834"
"47039","76803"
"47438","53091"
"47472","85957"
"47509","83121"
"47604","76101"
"47620","87261"
"47716","86437"
"47730","54069"
"47784","52630"
"48123","51796"
"48325","72594"
"49972","89325"
"50363","46997"
"50337","88148"
"50789","80752"
"51193","67832"
"52628","64693"
"53615","62442"
"53549","66094"
"53741","54571"
"54369","84327"
"55155","79962"
"55331","82792"
"56311","53088"
"57214","62508"
"57360","84327"
"57899","86429"
"57926","53091"
"58141","38005"
"59227","38135"
"60297","92526"
"60909","87899"
"523","49016"
"589","51780"
"1627","48409"
"1770","52309"
"1883","54755"
"2491","47016"
"3302","67855"
"3596","47459"
"4582","49176"
"5283","44316"
"5854","67391"
"5892","41500"
"6579","56721"
"7531","48778"
"7904","75467"
"7919","53016"
"8057","51929"
"9432","44863"
"9609","40837"
"10132","39346"
"10200","41398"
"10317","53912"
"10986","52862"
"11255","70923"
"11364","64635"
"11632","53109"
"12011","62500"
"12069","74470"
"12165","64015"
"12239","56738"
"12257","57278"
"12890","47424"
"12917","50290"
"14635","39204"
"14524","60328"
"14742","67402"
"15304","43131"
"15307","44701"
"15753","56047"
"15949","57327"
"15962","41358"
"16069","66241"
"16136","40273"
"16561","59893"
"16638","52630"
"16759","40608"
"17437","49967"
"17481","40339"
"17754","53304"
"18785","52862"
"20678","43133"
"21652","50420"
"21725","67589"
"21823","70871"
"21841","45331"
"22090","38744"
"22981","52702"
"23082","59368"
"23294","45523"
"23474","65187"
"24124","46950"
"24199","68728"
"24544","66109"
"25040","75450"
"25742","62442"
"25971","64015"
"25794","64693"
"26078","43292"
"26755","49925"
"27085","52637"
"27900","44781"
"28293","41500"
"28269","44986"
"28866","57493"
"29113","55146"
"29154","49497"
"29490","37955"
"29979","68855"
"30863","74028"
"30917","58530"
"31134","46186"
"31175","80752"
"31426","85112"
"31670","83884"
"31916","64280"
"32620","73353"
"32701","47626"
"33084","37965"
"33191","88082"
"33294","48147"
"33540","87969"
"34393","56239"
"34613","87419"
"34770","78972"
"34870","48988"
"34894","88148"
"35155","69191"
"35138","82656"
"35341","57753"
"35659","83304"
"35959","41628"
"36915","78972"
"36920","80662"
"37257","81941"
"37668","49062"
"39590","39346"
"39937","61717"
"40319","51796"
"41033","61191"
"41045","87543"
"41102","86243"
"41198","66395"
"41499","69994"
"41837","67174"
"42675","78445"
"42796","88100"
"43055","44439"
"43444","62442"
"43600","47016"
"43826","52743"
"43776","91271"
"44778","61044"
"45088","81902"
"45175","84011"
"45213","61361"
"45348","41497"
"45434","82801"
"45773","85883"
"46253","88082"
"46209","52657"
"46517","66579"
"46423","92524"
"46567","88189"
"46592","41466"
"46806","57592"
"46914","46564"
"47581","86429"
"48361","75450"
"48526","40659"
"48872","44710"
"48874","81798"
"49085","91330"
"50563","80769"
"51405","80310"
"52215","90580"
"52370","84775"
"52471","60388"
"52569","52553"
"52720","40550"
"53614","62442"
"53434","64280"
"53988","84735"
"54390","40550"
"54529","80752"
"54637","49036"
"55138","77321"
"55588","53050"
"55916","91271"
"56187","87366"
"56206","41699"
"56709","69994"
"57134","82104"
"57502","88100"
"57524","44701"
"57807","44710"
"57838","86057"
"57918","89325"
"57957","61191"
"58687","83631"
"59512","89325"
"59523","66127"
"59540","88053"
"60643","51652"
"61042","80769"
"61629","69884"
"139","70600"
"157","57592"
"485","39667"
"690","62396"
"1889","66241"
"1899","72561"
"2067","38005"
"2541","75450"
"2547","44701"
"2736","40550"
"2922","69994"
"2970","54571"
"3303","67855"
"3393","66241"
"3576","57493"
"3798","41628"
"3909","64360"
"3937","59778"
"5450","53385"
"5463","69191"
"6701","51350"
"6796","45429"
"6809","61486"
"6898","53573"
"7097","42713"
"7385","62954"
"8865","62500"
"9168","55710"
"9350","58610"
"10214","62396"
"10538","50767"
"10672","51999"
"11168","40225"
"12041","47459"
"12235","39777"
"13221","53792"
"13289","41358"
"13375","39562"
"13396","47005"
"13729","52630"
"13775","44039"
"14405","52715"
"14900","40861"
"15467","58467"
"16723","73736"
"16839","46583"
"16992","42455"
"17063","64015"
"17265","52261"
"17309","61486"
"17614","74447"
"17916","46952"
"18686","64853"
"20052","49222"
"20068","62500"
"20302","62442"
"20355","66579"
"20388","61044"
"20655","50420"
"20608","52637"
"20909","65312"
"21376","66395"
"22196","69686"
"22899","43133"
"22968","49016"
"24081","75450"
"24173","40659"
"24498","48147"
"24692","54571"
"24807","50452"
"25006","68948"
"25288","61361"
"25520","66773"
"25939","56631"
"26516","46657"
"26783","69884"
"26695","39371"
"28015","39337"
"28531","47479"
"28603","50555"
"30267","48589"
"30106","71029"
"30546","58190"
"30609","72149"
"30858","57278"
"30793","45600"
"30898","71859"
"32012","63044"
"32167","52637"
"32436","60328"
"32677","83092"
"33400","82656"
"33494","83092"
"33586","40659"
"33707","72450"
"34103","83842"
"34114","64360"
"34309","66094"
"34424","78038"
"34475","84327"
"34486","56156"
"34636","90821"
"34817","62396"
"35097","81598"
"35865","52871"
"36038","80752"
"37026","46952"
"37040","92554"
"37468","44039"
"37681","84011"
"38174","89634"
"38759","60480"
"38774","53091"
"39063","85957"
"39122","83476"
"39487","79066"
"39687","53109"
"39918","38005"
"39876","37955"
"40204","52657"
"40224","63386"
"40954","51929"
"41275","51796"
"41451","81384"
"41933","67032"
"42250","42607"
"42901","72803"
"43127","85883"
"43341","93361"
"44038","61264"
"44103","52871"
"44175","72808"
"44242","86380"
"44988","66109"
"45350","46564"
"45759","85463"
"45788","73351"
"46222","47459"
"46287","81384"
"46445","78610"
"47001","77321"
"46913","46564"
"47061","79066"
"47302","37955"
"47823","49016"
"47939","63227"
"48005","81238"
"48293","53088"
"48527","40659"
"49133","49531"
"50305","87366"
"50477","42646"
"51017","52553"
"51447","46583"
"51822","44724"
"51896","42455"
"52586","61486"
"53126","92554"
"53970","60388"
"53978","53050"
"54051","54755"
"54238","72782"
"54653","55710"
"54833","61264"
"55387","67174"
"56742","76069"
"57410","48988"
"57445","89450"
"58676","56047"
"58808","80902"
"59201","82686"
"59939","44710"
"59968","89594"
"60235","50290"
"60538","54725"
"60919","79922"
"60942","71029"
"61289","65187"
"61564","83832"
"171","39257"
"226","70871"
"306","58830"
"308","48409"
"323","69386"
"330","51328"
"334","48988"
"341","49925"
"355","47459"
"356","47459"
"372","54571"
"383","73301"
"384","73301"
"393","74053"
"398","74472"
"401","74472"
"416","40837"
"432","42362"
"434","53050"
"461","59893"
"462","52862"
"464","52862"
"465","52862"
"468","67402"
"469","67402"
"483","39667"
"490","58467"
"515","63764"
"517","63044"
"524","75450"
"525","65763"
"531","72803"
"541","65272"
"548","44724"
"565","64853"
"572","54587"
"574","54587"
"591","53109"
"594","55710"
"599","48519"
"607","43830"
"616","52715"
"619","46025"
"625","40704"
"680","60328"
"761","47626"
"769","49915"
"770","49915"
"779","72276"
"1113","48482"
"1137","71029"
"1145","63951"
"1148","37965"
"1150","37965"
"1154","70871"
"1190","68640"
"1206","59416"
"1216","51006"
"1218","51006"
"1262","74447"
"1285","75692"
"1286","75692"
"1297","59622"
"1298","59622"
"1299","72594"
"1323","70700"
"1331","63386"
"1349","47626"
"1358","61044"
"1363","74028"
"1382","39562"
"1386","68855"
"1390","68855"
"1392","47479"
"1419","54587"
"1420","49222"
"1427","61336"
"1432","74480"
"1439","52862"
"1455","67402"
"1456","67402"
"1463","38135"
"1472","70700"
"1479","70400"
"1481","70400"
"1491","41699"
"1494","41699"
"1496","59416"
"1516","67832"
"1528","50480"
"1530","50480"
"1550","74480"
"1555","64015"
"1559","58830"
"1562","41398"
"1574","69146"
"1584","61793"
"1585","61793"
"1601","73983"
"1602","73983"
"1604","73983"
"1621","74594"
"1628","61793"
"1630","61793"
"1635","69540"
"1652","72610"
"1653","72610"
"1661","61486"
"1693","47626"
"1700","41466"
"1708","50767"
"1726","63191"
"1731","69191"
"1732","69191"
"1743","41081"
"1746","61239"
"1747","61239"
"1761","72743"
"1763","72743"
"1766","72450"
"1767","72450"
"1771","52309"
"1773","46950"
"1790","64723"
"1793","64723"
"1834","39192"
"1848","50305"
"1854","57327"
"1864","43292"
"1866","43292"
"1874","54069"
"1875","54069"
"1881","54755"
"1887","39337"
"1891","66241"
"1900","72561"
"1919","67589"
"1920","67589"
"1932","72561"
"1949","53682"
"1969","60388"
"1974","41081"
"1976","41081"
"1998","73281"
"1999","73281"
"2006","39240"
"2011","56156"
"2027","60328"
"2030","52156"
"2034","59383"
"2036","59383"
"2052","51780"
"2057","56778"
"2070","53912"
"2071","53912"
"2073","51929"
"2081","56140"
"2083","56140"
"2088","70697"
"2089","70697"
"2090","70697"
"2100","48331"
"2133","74494"
"2136","71859"
"2152","69191"
"2171","51006"
"2172","51006"
"2173","51006"
"2179","65187"
"2181","65187"
"2189","51573"
"2193","59430"
"2221","49176"
"2266","52637"
"2607","74510"
"2610","56993"
"2613","56993"
"2617","48147"
"2618","48147"
"2625","49293"
"2647","72610"
"2649","66395"
"2660","61361"
"2678","46034"
"2687","50129"
"2690","72450"
"2691","72450"
"2692","72450"
"2695","71783"
"2697","71783"
"2698","43131"
"2699","43131"
"2705","51875"
"2708","73281"
"3196","50767"
"3204","38288"
"3252","50784"
"3264","65187"
"3271","41081"
"3272","41081"
"3273","41081"
"3279","48988"
"3281","48988"
"3299","57141"
"3308","67578"
"3309","67578"
"3319","48147"
"3325","58076"
"3327","52630"
"3350","45092"
"3355","45084"
"3356","45084"
"3400","61111"
"3439","38744"
"3440","38744"
"3441","38744"
"3442","38744"
"3445","64015"
"3446","64015"
"3449","66094"
"3478","50452"
"3539","56894"
"3581","68855"
"3586","45371"
"3589","38343"
"3590","38343"
"3591","38343"
"3593","49163"
"3597","47459"
"3611","74447"
"3626","41398"
"3631","72610"
"3642","38043"
"3661","56868"
"3664","38744"
"3700","62396"
"3705","56993"
"3770","53792"
"3771","53792"
"3774","56541"
"3783","39257"
"3805","40861"
"3807","40861"
"3824","61191"
"3856","47673"
"3858","47673"
"3873","74470"
"3874","74470"
"3876","44781"
"3886","61503"
"3911","53088"
"3913","57327"
"3940","54069"
"3956","40273"
"3968","41500"
"3970","50555"
"3997","57097"
"4003","56993"
"4013","70545"
"4019","47644"
"4022","39562"
"4025","39562"
"4026","52042"
"4040","59350"
"4078","73351"
"4079","73351"
"4083","61044"
"4090","50656"
"4091","50656"
"4093","40879"
"4102","48147"
"4104","48147"
"4117","75266"
"4133","72760"
"4136","64635"
"4139","64635"
"4547","40273"
"4563","63044"
"4587","69884"
"4589","69884"
"4607","48482"
"4615","41500"
"4617","40959"
"4619","72561"
"4640","57489"
"4672","58540"
"4674","58540"
"4675","66127"
"4676","66127"
"4677","66127"
"4694","52553"
"4716","41699"
"4721","64015"
"4724","64015"
"4741","61111"
"4748","74053"
"4750","74053"
"4752","74053"
"4757","43161"
"4770","66109"
"5049","72594"
"5069","52261"
"5070","52261"
"5115","61083"
"5132","45887"
"5228","72782"
"5260","54069"
"5191","57097"
"5209","64370"
"5218","47424"
"5284","44863"
"5285","44863"
"5334","49176"
"5335","49176"
"5336","49176"
"5358","54957"
"5366","45949"
"5368","38318"
"5389","56541"
"5395","38318"
"5416","66773"
"5419","54587"
"5420","54587"
"5449","53385"
"5476","68855"
"5477","68855"
"5478","68855"
"5511","70600"
"5536","61143"
"5538","61143"
"5585","37965"
"5598","41238"
"5607","56244"
"5613","46564"
"5667","39667"
"5673","49036"
"5677","49222"
"5694","59368"
"5700","48409"
"5718","49062"
"5726","40778"
"5727","74494"
"5745","61083"
"5747","70234"
"5748","70234"
"5749","70923"
"5751","70923"
"5753","51999"
"5756","47459"
"5800","47459"
"5811","55498"
"5824","53573"
"5829","67391"
"5857","63995"
"5863","40225"
"5889","41628"
"5913","46025"
"5917","46564"
"5918","46564"
"5923","64360"
"5932","53385"
"5934","53385"
"5936","53385"
"5937","53088"
"5938","53088"
"5944","41398"
"5972","67578"
"5986","55140"
"6003","41144"
"6005","41144"
"6026","55710"
"6028","55710"
"6038","39240"
"6042","73446"
"6044","48589"
"6093","50656"
"6073","67557"
"6074","67557"
"6092","50656"
"6104","59778"
"6133","39257"
"6167","61793"
"6168","61793"
"6174","50420"
"6188","47188"
"6189","47188"
"6405","54121"
"6352","49062"
"6374","56778"
"6379","61083"
"6266","64929"
"6267","64929"
"6275","50480"
"6288","40944"
"6320","45887"
"6332","52637"
"6334","52637"
"6336","58530"
"6341","69540"
"6342","69540"
"6417","72425"
"6455","56738"
"6465","53088"
"6466","53088"
"6485","46025"
"6552","68855"
"6562","63227"
"6564","62442"
"6568","62442"
"6498","50305"
"6511","55146"
"6588","38744"
"6589","46186"
"6622","72743"
"6717","62292"
"6746","47644"
"6751","47644"
"6692","70700"
"6694","70700"
"6698","51350"
"6704","63386"
"6627","69386"
"6669","61191"
"6789","58407"
"6793","58407"
"6838","55397"
"6854","48519"
"6865","44370"
"6868","44370"
"6895","58610"
"6909","39240"
"7111","70871"
"7126","53016"
"7087","38209"
"7175","62508"
"7176","62508"
"7177","62508"
"7192","45429"
"7197","42181"
"7198","42181"
"7253","39257"
"7288","42455"
"7360","70545"
"7329","53088"
"7330","38135"
"7333","38135"
"7366","49497"
"7369","49497"
"7374","57489"
"7381","56140"
"7382","56140"
"7383","56140"
"7415","74472"
"7468","50555"
"7477","57097"
"7490","40273"
"7502","58540"
"7503","58540"
"7677","40861"
"7693","64370"
"7694","64370"
"7737","61336"
"7740","75669"
"7742","75669"
"7755","58610"
"7757","58610"
"7778","48778"
"7780","48778"
"7784","56140"
"7790","71855"
"7794","58407"
"7817","51796"
"7818","51796"
"7819","45725"
"7821","45725"
"7822","47673"
"7832","73353"
"7839","59416"
"8036","56738"
"8038","56738"
"7979","61083"
"7980","61083"
"7937","56156"
"7944","61486"
"8044","42583"
"8161","49915"
"8162","49915"
"8129","61717"
"8137","38043"
"8138","38043"
"8142","50448"
"8302","41081"
"8303","41081"
"8306","41081"
"8333","48589"
"8387","65272"
"8390","59622"
"8393","42713"
"8404","74594"
"8471","49531"
"8479","39562"
"8558","64966"
"8519","67832"
"8528","61239"
"8534","40550"
"8536","40550"
"8540","59383"
"8545","54587"
"8740","59037"
"8745","52042"
"8662","67832"
"8664","67832"
"8772","44701"
"8774","44701"
"8782","47479"
"8784","47479"
"8806","61717"
"8824","69686"
"8827","69686"
"8836","64015"
"9193","56995"
"9232","65187"
"9160","61486"
"9174","41749"
"9124","65272"
"9130","47479"
"9060","41081"
"9320","72808"
"9400","64635"
"9417","42713"
"9500","39667"
"9521","75450"
"9522","75450"
"9452","68855"
"9762","43161"
"9795","73351"
"9809","40608"
"10203","56778"
"10206","56778"
"10278","37955"
"10362","49736"
"10364","49736"
"10419","45502"
"10508","70282"
"10530","41896"
"10732","49163"
"11351","74557"
"11357","65312"
"11737","45084"
"11738","45084"
"11739","45084"
"11664","56868"
"11836","56140"
"11869","49497"
"12021","54571"
"12328","63386"
"12333","66773"
"12340","74480"
"12342","74480"
"12379","40861"
"12510","52309"
"12529","74510"
"12589","41500"
"12623","58076"
"12777","61044"
"12732","40339"
"12735","40339"
"12844","39240"
"12846","39240"
"12884","61239"
"12954","63386"
"12955","63386"
"12956","63386"
"12959","39257"
"12961","39257"
"12966","39777"
"13007","59569"
"13032","58540"
"13058","54587"
"13154","57369"
"13205","43830"
"13206","43830"
"13256","46583"
"13258","46583"
"13393","47479"
"13418","39898"
"13419","39898"
"13420","39898"
"13436","65245"
"13464","74028"
"13466","66241"
"13482","45092"
"13484","45092"
"13558","74617"
"13563","44781"
"13640","49925"
"13635","72561"
"13637","72561"
"13524","72450"
"13525","72450"
"13694","62396"
"13698","62396"
"13779","69540"
"13903","67032"
"13905","67032"
"13850","59776"
"13860","75266"
"13861","74472"
"14062","49990"
"14065","49990"
"14066","42713"
"14069","42713"
"13933","50452"
"13989","61597"
"14013","59368"
"14016","72294"
"14122","70923"
"14124","70923"
"14131","53792"
"14190","61361"
"14150","40959"
"14155","59457"
"14274","47424"
"14360","41081"
"14624","61361"
"14637","39204"
"14662","59037"
"14402","41238"
"14407","52715"
"14460","54587"
"14462","54587"
"14483","75467"
"14486","53091"
"14489","51999"
"14501","57489"
"14603","75450"
"14605","42646"
"14845","59893"
"14692","62508"
"14694","75692"
"14700","59569"
"14716","58407"
"14717","58407"
"14741","67402"
"14744","67402"
"14781","41144"
"14782","41144"
"14843","59893"
"14919","50290"
"14960","63764"
"14966","59321"
"14968","70545"
"15030","65763"
"15047","60480"
"15368","45725"
"15472","61793"
"15602","47005"
"15527","75467"
"15529","75467"
"15646","67402"
"15696","59776"
"15718","54755"
"15736","37965"
"15858","50656"
"15859","50656"
"15860","50656"
"15938","54755"
"15944","52871"
"15874","45084"
"16062","42583"
"16064","42583"
"16072","48778"
"16078","59350"
"16079","59350"
"16250","50656"
"16126","39192"
"16134","59037"
"16152","49163"
"16174","44039"
"16289","50394"
"16290","50394"
"16344","73281"
"16352","58530"
"16404","59913"
"16406","59913"
"16452","74843"
"16472","72610"
"16473","72610"
"16505","65245"
"16554","60480"
"16657","41398"
"16609","45725"
"16739","56546"
"16753","54587"
"16756","40608"
"16810","67833"
"16811","67833"
"16906","45725"
"16954","38005"
"17153","72450"
"17163","72743"
"17097","69191"
"17106","48482"
"17003","74470"
"17006","47479"
"17057","43990"
"17061","64015"
"17064","64015"
"17065","64015"
"17082","69191"
"17083","69191"
"17094","69191"
"17375","57097"
"17401","53016"
"17410","73301"
"17414","47673"
"17327","40704"
"17645","57592"
"17646","57592"
"17649","43652"
"51925","45226"
"52076","37955"
"52078","37955"
"52087","87288"
"52089","87288"
"52228","38043"
"52230","38043"
"53062","56156"
"53081","83842"
"53222","80089"
"53477","78610"
"53478","78610"
"53572","57489"
"53573","57489"
"53574","57489"
"53718","91748"
"53742","54571"
"54014","40225"
"54036","53304"
"54049","76778"
"53925","41398"
"53928","41398"
"54102","51929"
"54208","51780"
"54220","53109"
"54339","40339"
"54341","40339"
"54379","53091"
"54265","39562"
"54750","53088"
"54680","52657"
"54681","52657"
"54740","72803"
"54742","73353"
"54743","73353"
"54744","73353"
"54587","54121"
"54588","54121"
"54790","88162"
"54835","61264"
"54883","64360"
"54884","64360"
"54945","89594"
"55124","60388"
"55125","60388"
"55139","77321"
"55141","77321"
"55257","47626"
"55259","64853"
"55659","64280"
"55660","64280"
"55661","64280"
"55690","70545"
"55776","93341"
"55823","87826"
"55831","88809"
"56012","70923"
"55979","81012"
"55982","82686"
"55989","46950"
"56052","50845"
"56054","50845"
"56084","47188"
"56384","75467"
"56403","90400"
"56341","56244"
"56344","56244"
"56270","64635"
"56271","64635"
"56273","46997"
"56316","66109"
"56551","61486"
"56593","77410"
"56714","66109"
"56761","47479"
"56765","67589"
"56826","40600"
"56822","40704"
"56823","64853"
"56902","80902"
"56919","44439"
"56924","43990"
"56981","85957"
"57014","54587"
"57101","64853"
"57127","87543"
"57220","85693"
"57312","54571"
"57313","54571"
"57341","84465"
"57600","82801"
"57618","87556"
"57619","87556"
"57621","87556"
"57861","45084"
"57793","66579"
"57935","81941"
"58055","81384"
"58110","57753"
"58111","57753"
"58182","65312"
"58189","76193"
"58192","76193"
"58195","82656"
"58346","40600"
"58348","40600"
"58458","79477"
"58459","79477"
"58610","71783"
"58680","42713"
"58958","41144"
"59066","75467"
"59075","92526"
"59260","83400"
"59203","82686"
"59230","47626"
"59231","47626"
"59255","71783"
"59257","83400"
"59460","80107"
"59656","76193"
"59543","59913"
"59607","83884"
"59772","83121"
"59829","72803"
"59894","66094"
"60371","64966"
"60349","86471"
"60211","44701"
"60214","44701"
"60217","61239"
"60220","61239"
"60232","64723"
"60236","50290"
"60239","50290"
"60270","83400"
"60517","88060"
"60522","52702"
"60523","52702"
"60566","65311"
"60567","65311"
"60633","49016"
"60712","73353"
"60713","73353"
"60979","73351"
"60989","66241"
"61011","46950"
"61072","72561"
"61074","72561"
"61076","72561"
"61190","53050"
"61220","62442"
"61333","52743"
"61228","87556"
"61269","90082"
"61270","90082"
"61353","42455"
"61544","92526"
"61559","65245"
"61506","79477"
"61507","79477"
"61508","79477"
"61520","53016"
"61449","54069"
"61450","54069"
"61455","87419"
"61378","46997"
"7995","61956"
"7996","61956"
"7997","61956"
"7998","61956"
"7999","61956"
"8440","53792"
"8579","51350"
"8580","51350"
"8581","51350"
"8652","44439"
"8655","48118"
"8658","48118"
"8719","39681"
"8724","72743"
"8726","42181"
"8829","48482"
"9008","37955"
"9011","37955"
"9270","50555"
"9165","56047"
"9167","56047"
"9112","51573"
"9034","52042"
"9554","44439"
"9555","44439"
"9556","44439"
"9419","60388"
"9421","60388"
"9659","43830"
"9616","53912"
"9688","67402"
"9779","54571"
"9781","54571"
"10160","49696"
"10401","68939"
"10274","71564"
"10365","56721"
"10597","42583"
"10850","72294"
"10852","72294"
"10853","72294"
"11008","56541"
"11390","47424"
"11392","47424"
"11558","45226"
"11578","57278"
"11635","43652"
"11873","57335"
"12010","62500"
"11897","50094"
"11899","50094"
"11938","57369"
"12103","66773"
"12426","70697"
"12427","70697"
"12431","47626"
"12499","62292"
"12559","53912"
"12711","59350"
"12795","46564"
"12724","38005"
"13025","56541"
"13075","58540"
"13085","51006"
"24218","70282"
"24220","70282"
"24407","67557"
"24390","49568"
"24322","71783"
"24323","71783"
"24484","44370"
"24493","40257"
"24505","49413"
"24627","50305"
"24625","50305"
"24758","74557"
"25089","41699"
"24912","55498"
"24913","55498"
"24934","49016"
"24935","49016"
"24936","49016"
"24969","53792"
"24971","53792"
"24997","57753"
"25208","64280"
"25715","41749"
"25717","41749"
"25785","71855"
"25913","60388"
"26266","43292"
"26214","48409"
"26449","74472"
"26460","69386"
"26461","69386"
"26514","46657"
"26303","58540"
"26306","58540"
"26349","66241"
"26360","41497"
"26362","41497"
"26782","48147"
"26697","41500"
"26698","41500"
"26658","74447"
"26887","46025"
"26903","65272"
"27134","39192"
"26985","56993"
"26986","56993"
"27197","52862"
"27278","40959"
"27251","65311"
"27394","53088"
"27396","53088"
"27630","74115"
"27719","68948"
"27720","68948"
"28204","48331"
"28276","71564"
"28277","71564"
"28280","71564"
"28225","49062"
"28226","49062"
"28227","49062"
"28559","50784"
"28562","50784"
"28571","40600"
"28593","44370"
"28594","44370"
"28635","56239"
"28647","47644"
"28708","45226"
"55472","81837"
"55473","81837"
"55513","85883"
"55514","85883"
"55613","89604"
"55616","40550"
"55747","89450"
"55919","51929"
"56089","42607"
"56108","56047"
"56421","70923"
"56349","70545"
"56350","70545"
"56358","38043"
"56291","76129"
"56486","81738"
"56487","81738"
"56863","37965"
"56865","37965"
"56866","84011"
"56784","91770"
"56786","91770"
"57039","43990"
"57453","70923"
"57454","70923"
"57569","48147"
"57570","48147"
"57799","40273"
"57833","51006"
"57765","75450"
"57718","77410"
"58051","56239"
"58052","56239"
"58101","93341"
"58444","65245"
"58647","61111"
"58649","61111"
"58651","61111"
"58672","46564"
"58677","56047"
"59076","49497"
"59364","51875"
"59374","52715"
"59375","52715"
"59409","89594"
"59411","89594"
"60180","85883"
"60394","81839"
"60342","93341"
"60491","44701"
"60514","63191"
"60549","65272"
"60576","62508"
"60577","89618"
"60717","54725"
"60718","54725"
"60762","41159"
"60819","85877"
"60899","89618"
"60943","42607"
"60969","61083"
"61099","37965"
"61161","52553"
"61183","80769"
"61203","85854"
"61204","85854"
"61206","85854"
"61320","64966"
"61578","52743"
"61579","52743"
"61541","60388"
"113","57489"
"101","68504"
"109","48409"
"145","49568"
"152","63995"
"179","63386"
"202","59416"
"221","65852"
"244","53573"
"248","40778"
"295","38288"
"2910","72425"
"2915","74470"
"2928","67833"
"2929","67833"
"2933","40339"
"2956","71564"
"2958","71564"
"2963","61717"
"2966","46997"
"2974","55710"
"2976","55710"
"2977","55710"
"2979","52871"
"2982","49925"
"2984","49925"
"2990","53304"
"3020","54121"
"3026","61503"
"3033","52261"
"3043","75450"
"3057","40550"
"3058","40550"
"3069","48519"
"3073","49736"
"3080","74557"
"3083","50094"
"3090","39240"
"3096","61361"
"3098","50767"
"3114","72149"
"3127","37955"
"3129","37955"
"3135","70871"
"3144","40837"
"4157","74480"
"4160","74480"
"4176","53573"
"4190","43161"
"4191","43161"
"4204","52715"
"4211","41358"
"4212","41358"
"4236","47644"
"4258","39337"
"4264","48331"
"4271","39257"
"4274","39257"
"6951","45226"
"6962","64280"
"7007","61793"
"7011","38744"
"6980","47188"
"9978","51652"
"9979","51652"
"10000","74470"
"10001","74470"
"9917","66579"
"10085","39346"
"10044","74480"
"10046","74480"
"10072","52156"
"10075","52156"
"17656","44701"
"17751","61361"
"17769","44316"
"17989","49736"
"18054","57498"
"18226","65245"
"18227","65245"
"18387","61143"
"18389","61143"
"18496","68728"
"18499","68728"
"19356","72450"
"19305","39681"
"19451","38005"
"19464","40659"
"19487","74028"
"19497","62292"
"19498","62292"
"19600","74447"
"19815","69540"
"19816","69540"
"19913","65312"
"20012","41749"
"20014","41749"
"20368","46657"
"20403","44986"
"20691","51350"
"20771","51544"
"20884","62954"
"21015","38005"
"21038","57141"
"21039","57141"
"21078","39204"
"21270","53385"
"21271","53385"
"21272","53385"
"21451","38135"
"21452","38135"
"21489","41358"
"21350","61264"
"21535","40944"
"21562","70282"
"21595","41159"
"21706","41500"
"21614","56954"
"21615","56954"
"21616","56954"
"21818","57141"
"21822","57141"
"22087","73353"
"21981","42362"
"21982","42362"
"22012","45429"
"22013","45429"
"22154","42362"
"22195","69686"
"22254","56868"
"22267","67833"
"22301","67578"
"22380","67391"
"22535","50448"
"22680","55710"
"22681","55710"
"22741","56541"
"22753","45084"
"22755","45084"
"22780","47644"
"22781","47644"
"23708","48519"
"23851","51006"
"23852","51006"
"23771","56546"
"23773","56546"
"23798","66109"
"23759","75266"
"23969","39204"
"23970","39204"
"24123","46950"
"24138","69191"
"10170","70644"
"10661","57278"
"10609","52309"
"10622","52637"
"10625","52637"
"10626","52637"
"10660","57278"
"10722","72561"
"10751","48409"
"10752","48409"
"11344","55341"
"11504","72149"
"11505","72149"
"11506","72149"
"11440","64360"
"11519","48331"
"11562","68728"
"11566","59430"
"11601","50845"
"11906","51929"
"11927","40273"
"12468","70234"
"12469","70234"
"12470","70234"
"12547","74843"
"12656","56156"
"12706","40944"
"12708","40944"
"12765","47188"
"12825","55117"
"12903","51999"
"12905","51999"
"13157","63951"
"13159","63951"
"13314","64929"
"13316","64929"
"13540","64853"
"13543","64853"
"13581","42607"
"13765","75266"
"14139","71029"
"14192","40861"
"14141","71029"
"14166","66646"
"14168","66646"
"14418","59328"
"14469","75266"
"14509","44316"
"14510","44316"
"14520","56721"
"14521","56721"
"14522","56721"
"14853","56868"
"14854","56868"
"14890","50784"
"14939","40959"
"14941","40959"
"14988","45502"
"15586","44710"
"15509","70644"
"15965","41358"
"16301","39957"
"16410","74557"
"16433","58407"
"16475","41500"
"16939","59037"
"17120","50129"
"16994","42455"
"17052","44439"
"17264","52261"
"17683","52657"
"17889","50448"
"17855","65312"
"17877","73351"
"17995","49736"
"18281","38343"
"18284","38343"
"18140","52637"
"18193","67391"
"18194","67391"
"18202","58530"
"18204","58530"
"18214","66646"
"18420","49655"
"52684","88189"
"53152","50305"
"53337","89596"
"53260","80662"
"53647","80769"
"53650","80769"
"53665","92132"
"53433","64280"
"53815","61503"
"54015","75938"
"54138","40273"
"54141","40273"
"54418","66127"
"54442","81709"
"54730","76803"
"54582","90082"
"54829","81839"
"54845","81132"
"55073","56140"
"55086","93341"
"55120","87114"
"55202","56156"
"55224","37955"
"55576","88082"
"55771","56156"
"55847","43990"
"55958","45084"
"55960","45084"
"56114","39504"
"56116","39504"
"56408","85117"
"56281","83290"
"56282","83290"
"56534","79440"
"56501","72425"
"56834","66646"
"56793","57493"
"56794","57493"
"56797","57493"
"57000","55498"
"57136","82104"
"57146","54725"
"57148","54725"
"57150","80809"
"57323","84327"
"57328","78445"
"57411","48988"
"57423","87288"
"57432","47626"
"57462","53088"
"57499","88100"
"57500","88100"
"57505","88100"
"57917","89325"
"58001","62500"
"58292","45226"
"58294","45226"
"58390","76193"
"58391","76193"
"58481","76865"
"58559","86228"
"58605","91372"
"58606","91372"
"58646","83631"
"58667","44039"
"58730","88100"
"58767","89718"
"58776","83631"
"58777","83631"
"59006","47424"
"59113","70282"
"59114","70282"
"59272","70923"
"59175","83400"
"59342","63386"
"59381","69994"
"59622","90082"
"59623","90082"
"59519","66127"
"59547","70545"
"59735","86380"
"59789","46564"
"60664","41144"
"60802","67557"
"60814","91748"
"60886","72743"
"60892","61239"
"61065","44751"
"61066","44751"
"40","69146"
"67","43830"
"514","51780"
"532","48482"
"539","46583"
"737","57087"
"738","57087"
"740","69386"
"1201","70871"
"1219","50555"
"1575","39681"
"1718","45084"
"1722","45084"
"1741","42362"
"1758","40608"
"1805","47673"
"2066","38005"
"2123","55117"
"2632","40861"
"2947","44439"
"2948","44439"
"2960","49497"
"3071","62500"
"3359","46025"
"3425","48778"
"3699","48519"
"3810","40778"
"3835","58788"
"4006","56894"
"4097","73983"
"4111","59081"
"4150","56778"
"4151","56778"
"4203","65311"
"4736","49696"
"4739","49696"
"5262","72276"
"5407","61083"
"5740","72561"
"5743","72561"
"5744","72561"
"5775","65245"
"5803","56047"
"5820","66109"
"6123","41749"
"6124","41749"
"6202","41398"
"6203","41398"
"6204","41398"
"6331","45887"
"6337","74494"
"6451","52862"
"6477","45502"
"6582","44701"
"6612","48409"
"6613","48409"
"6750","45887"
"6658","38288"
"6857","59622"
"6859","59622"
"6860","59622"
"6899","53573"
"6901","53573"
"6969","47188"
"6971","47188"
"6972","47188"
"7120","50555"
"7136","58351"
"7184","57489"
"7310","38318"
"7396","48482"
"7771","41896"
"7773","41896"
"7803","67855"
"7864","62954"
"7878","63191"
"8359","52862"
"8361","52862"
"8377","56239"
"8433","75692"
"8530","49036"
"9502","52156"
"9503","52156"
"9465","49655"
"9976","54069"
"10004","50297"
"10015","57097"
"10016","57097"
"10223","40550"
"10308","48118"
"10310","48118"
"10712","48778"
"10860","55140"
"10861","55140"
"10905","65312"
"10989","67391"
"10990","67391"
"11011","74617"
"11013","74617"
"11396","74115"
"11589","47644"
"11590","47644"
"52135","71783"
"52137","85877"
"52162","91372"
"52603","78038"
"52668","38005"
"53254","67557"
"53255","67557"
"53653","64966"
"53430","38005"
"53443","51006"
"53468","81931"
"53474","83121"
"53556","86054"
"53712","87556"
"53713","87556"
"53729","67391"
"53799","67832"
"53801","67832"
"53812","53050"
"53977","87969"
"54062","82104"
"54155","44986"
"54198","40257"
"54229","86228"
"54230","86228"
"54232","86228"
"54233","86228"
"54491","76129"
"54768","70923"
"54876","49568"
"55170","82716"
"55376","82686"
"55453","92132"
"55454","92132"
"55587","53050"
"55618","65245"
"55627","49531"
"55743","41466"
"55762","41238"
"55975","41497"
"56411","47424"
"56706","71855"
"57056","88868"
"57118","78874"
"57119","78874"
"57303","40257"
"57304","40257"
"57409","75938"
"57419","45084"
"57851","56244"
"57853","56244"
"57754","62954"
"58060","82716"
"58063","83631"
"58064","83631"
"58327","64853"
"58252","91748"
"58254","91748"
"58387","69884"
"58395","84775"
"58488","79962"
"58526","89618"
"58527","89618"
"58567","62442"
"58569","62442"
"58570","62442"
"58797","51006"
"58870","88115"
"59048","62954"
"59050","62954"
"59097","43652"
"59098","43652"
"59207","44751"
"59208","44751"
"59162","89634"
"59495","61361"
"59636","51875"
"59721","40339"
"59722","40339"
"59724","40339"
"59784","64723"
"59905","51929"
"60385","69884"
"60325","39346"
"60207","86437"
"60208","86437"
"60210","86437"
"60248","83092"
"60266","38318"
"60447","40339"
"60451","66094"
"60478","72743"
"60558","40550"
"60563","86243"
"60564","86243"
"60586","41497"
"60604","80107"
"60749","56047"
"60981","56140"
"61093","81400"
"61256","72803"
"61621","54121"
"61517","65187"
"61397","76129"
"31763","77532"
"31764","77532"
"31913","64280"
"31914","64280"
"31921","56140"
"32494","54725"
"32449","47673"
"32345","48147"
"32346","48147"
"32348","53050"
"32379","40339"
"32380","40339"
"32603","88162"
"32651","81798"
"32813","83400"
"32565","50845"
"33202","78038"
"33248","81598"
"33293","48147"
"33297","48147"
"33398","82656"
"33402","82656"
"33403","92132"
"33405","92132"
"33406","92132"
"33462","86429"
"33528","44316"
"33937","63191"
"33686","91770"
"33720","52042"
"33723","52042"
"34034","83304"
"34305","70923"
"34307","70923"
"34316","63044"
"34317","63044"
"34467","72594"
"34585","55710"
"34658","81931"
"34827","83832"
"34854","89450"
"34856","89450"
"34857","89450"
"35332","70545"
"35480","67832"
"35490","55498"
"35634","57592"
"35672","59913"
"35786","85883"
"35907","56047"
"35909","56047"
"35910","56047"
"35954","81238"
"36013","81238"
"36377","88053"
"36607","80253"
"36815","77866"
"37053","69146"
"37177","56140"
"37261","81238"
"37325","87556"
"37336","49036"
"37352","81238"
"37521","91372"
"37841","63227"
"37919","90570"
"37921","90570"
"38051","44370"
"38124","61083"
"38195","38288"
"38263","60388"
"38388","91354"
"38390","91354"
"38625","67832"
"38700","49016"
"38969","61264"
"38837","79962"
"38838","79962"
"39075","38135"
"39077","38135"
"39172","61336"
"39905","41358"
"39752","48147"
"39754","48147"
"39800","42607"
"40228","66094"
"40391","67578"
"40394","67578"
"40395","67578"
"40396","44439"
"40397","44439"
"40446","39371"
"40507","57498"
"40508","57498"
"40617","61083"
"40635","78724"
"40653","64693"
"40748","83832"
"40749","83832"
"40847","46997"
"40859","72743"
"40867","87602"
"40868","87602"
"41051","80769"
"41315","83640"
"20517","59037"
"20835","39898"
"20897","63735"
"20906","56631"
"20983","68640"
"21105","38043"
"21268","57753"
"21321","40225"
"21322","40225"
"21655","50420"
"21659","59776"
"21881","66579"
"21938","72760"
"21940","72760"
"21942","69994"
"22007","47626"
"22008","47626"
"22010","47626"
"22011","47626"
"22018","59778"
"22115","63961"
"22220","38209"
"22221","38209"
"22269","50480"
"22270","50480"
"22271","50480"
"22273","50480"
"22329","50480"
"22330","50480"
"22867","50784"
"23287","39346"
"23149","70282"
"23151","70282"
"23709","62500"
"23711","62500"
"23990","55397"
"23991","55397"
"24702","51350"
"24545","66109"
"24523","73736"
"24525","73736"
"24771","42181"
"24772","42181"
"24792","75266"
"24808","50452"
"24811","49036"
"24813","49036"
"24828","57369"
"24831","57369"
"24840","39681"
"24841","39681"
"24842","39681"
"25218","53091"
"25515","46952"
"25518","46952"
"25678","39957"
"25710","67402"
"25975","72808"
"25808","57087"
"26040","40257"
"26160","43652"
"26161","43652"
"26164","43652"
"26550","47459"
"26300","71029"
"26567","50452"
"26570","50452"
"26592","46997"
"26823","46186"
"26851","39898"
"27099","45887"
"27112","46583"
"26957","49497"
"26967","39216"
"26968","39216"
"26993","57335"
"27358","61044"
"27320","58610"
"27401","70644"
"27508","56244"
"27673","61239"
"27750","55341"
"28032","61083"
"28108","48118"
"28111","48118"
"28145","47626"
"28146","47626"
"28147","47626"
"28216","53912"
"28217","53912"
"28252","40273"
"28254","40273"
"28255","40273"
"28512","48449"
"28631","51875"
"28711","69884"
"28721","53385"
"28733","59350"
"28734","59350"
"28773","59416"
"29089","47644"
"29110","55146"
"29111","55146"
"29129","45600"
"29132","45600"
"42726","67174"
"42732","85854"
"42629","52156"
"42801","89618"
"42803","89618"
"42986","79599"
"43014","79808"
"43023","42362"
"42866","40600"
"43128","85883"
"43131","85883"
"43233","38043"
"43234","38043"
"43558","87899"
"43560","87899"
"43571","41081"
"43572","41081"
"43573","41081"
"43844","84488"
"43872","80310"
"43997","88060"
"43998","88060"
"44191","71783"
"44454","88082"
"44456","88082"
"44346","57753"
"44775","61044"
"44783","51929"
"44613","76917"
"44639","81839"
"44640","81839"
"44721","82152"
"44676","38209"
"44677","38209"
"44992","39562"
"44997","71029"
"45018","52637"
"45891","72561"
"45800","87602"
"45989","44316"
"46073","91437"
"46075","91437"
"45990","89325"
"46235","38005"
"46297","68640"
"46299","68640"
"46344","65187"
"46485","52637"
"46486","52637"
"46631","81132"
"46635","81132"
"46929","77321"
"47180","40704"
"47297","69146"
"47298","69146"
"47343","72450"
"47391","77088"
"47449","45092"
"47546","46952"
"47564","42607"
"47830","41628"
"47863","53109"
"47935","73446"
"47969","91354"
"48015","51780"
"48063","75938"
"48064","75938"
"48077","62396"
"48108","81012"
"48228","66094"
"48230","66094"
"48255","48778"
"48342","81012"
"48475","44751"
"48498","82801"
"48499","82801"
"48648","47479"
"48951","89681"
"49051","76778"
"49346","61503"
"49347","61503"
"49588","38343"
"49589","38343"
"49603","61793"
"49604","61793"
"49827","57498"
"49885","81902"
"50201","85117"
"50487","81709"
"50554","88060"
"50652","61264"
"50674","84249"
"50727","76778"
"50735","82716"
"51237","72760"
"51200","77321"
"51322","54755"
"51334","67589"
"51702","64280"
"51703","64280"
"51805","44724"
"51807","44724"
"51943","55498"
"51944","55498"
"51945","55498"
"51947","55498"
"10724","58467"
"10863","67391"
"10865","67391"
"10964","75266"
"11375","41699"
"11376","41699"
"11459","50305"
"11536","53050"
"11654","50480"
"11655","50480"
"11692","45092"
"11852","65311"
"11902","48118"
"11975","51350"
"12088","74447"
"12156","38318"
"12424","69884"
"12515","72610"
"12728","71783"
"12838","49016"
"12840","49016"
"13016","69686"
"13318","52042"
"13354","59778"
"13365","53050"
"13431","64015"
"13649","52637"
"13849","54957"
"14043","56541"
"14044","56541"
"14251","50448"
"14311","50784"
"14370","66579"
"14371","66579"
"14628","41081"
"14577","55710"
"14580","55710"
"14861","71855"
"14756","50845"
"14777","62292"
"14778","62292"
"14779","62292"
"14780","62292"
"14914","65245"
"14915","65245"
"15039","53304"
"15429","56631"
"15568","49163"
"15570","67589"
"15575","61264"
"15596","57327"
"15987","41896"
"15973","53912"
"16002","71601"
"16003","71601"
"16004","71601"
"16028","44710"
"16029","44710"
"16127","45371"
"16159","74494"
"16160","74494"
"16295","38209"
"16357","67174"
"16394","58610"
"16395","58610"
"16446","49915"
"16497","49016"
"16678","56954"
"16570","59037"
"16982","45502"
"17171","59778"
"16983","45502"
"17262","67589"
"17441","59416"
"17445","69994"
"17386","48118"
"17387","59368"
"17421","75450"
"17335","66646"
"17336","66646"
"17906","70697"
"17908","70697"
"17723","48449"
"17724","48449"
"17758","53304"
"18089","66646"
"18378","60480"
"18381","60480"
"18438","48409"
"18441","48409"
"18655","51006"
"18699","58610"
"18849","49655"
"18853","49655"
"18868","63961"
"19132","40837"
"19133","45725"
"19136","45725"
"19374","69540"
"19291","57058"
"19643","39777"
"19649","58610"
"19818","49222"
"19829","39371"
"19831","39371"
"20032","57087"
"20033","57087"
"20036","69686"
"20007","57592"
"20695","45725"
"20579","61264"
"20580","61264"
"20570","40944"
"20571","40944"
"20802","39346"
"21043","64966"
"21159","63735"
"21161","63735"
"21227","74843"
"21479","70282"
"21861","75266"
"22079","65312"
"22080","65312"
"22251","41466"
"22253","41466"
"22275","64929"
"22276","64929"
"22447","68728"
"22449","68728"
"22620","63995"
"22765","68948"
"22766","68948"
"22799","49062"
"22814","40550"
"22882","61264"
"29007","51544"
"28813","53088"
"28817","71859"
"29133","43652"
"29233","68640"
"29462","68728"
"29391","55397"
"29778","71859"
"29779","71859"
"29711","57278"
"29746","39504"
"29747","59321"
"29633","67833"
"29980","68855"
"29940","67833"
"30500","48482"
"30741","48449"
"30859","66579"
"30770","59416"
"30918","58530"
"31368","64723"
"31382","81837"
"31759","76970"
"31892","52042"
"32514","92132"
"32518","92132"
"32455","37965"
"32662","90570"
"32762","62500"
"33197","75467"
"33456","81598"
"33483","87378"
"33491","47673"
"33533","41500"
"33535","41500"
"33536","41500"
"33585","40659"
"33890","51929"
"33892","51929"
"33764","43990"
"33766","43990"
"33791","41398"
"33792","41398"
"34002","40550"
"34044","40600"
"34116","64360"
"34123","80089"
"34625","84735"
"34675","52715"
"34679","52715"
"34710","75467"
"34711","75467"
"35561","85693"
"35562","85693"
"35565","88060"
"35566","88060"
"35567","88060"
"35753","87543"
"35863","52871"
"36344","56140"
"36738","66127"
"36741","66127"
"36771","46564"
"36837","77088"
"36838","77088"
"36839","77088"
"37041","92554"
"37105","67578"
"37162","49016"
"37230","47188"
"37234","53304"
"37235","53304"
"37236","53304"
"37256","81941"
"37401","87826"
"37404","87826"
"37560","83092"
"37761","49036"
"37764","61191"
"37765","61191"
"37884","81400"
"37914","64929"
"37918","64929"
"37948","90570"
"37949","90570"
"38046","48147"
"38128","85883"
"38229","79547"
"38415","77088"
"38593","82801"
"38605","84249"
"38607","84249"
"38734","44370"
"38943","76803"
"38826","67032"
"39023","92188"
"39135","52702"
"39368","44781"
"39748","49016"
"39749","49016"
"39778","41398"
"39867","78610"
"39994","79922"
"39996","79922"
"40365","53016"
"40469","72808"
"40471","72808"
"40679","52657"
"40759","44986"
"40762","44986"
"40952","51929"
"40953","51929"
"41010","80662"
"41011","80662"
"41034","79797"
"41037","79797"
"41338","64929"
"41235","83547"
"41288","60328"
"41560","48988"
"41566","53050"
"41567","53050"
"41505","53109"
"41556","48988"
"41690","80752"
"41743","83304"
"41744","83304"
"41879","50290"
"41880","50290"
"41891","87114"
"41896","39346"
"41897","39346"
"42060","42607"
"42063","42607"
"42124","81238"
"42258","67833"
"42457","42607"
"42539","81837"
"42540","81837"
"42858","49497"
"43161","85877"
"43259","39371"
"43195","91372"
"43197","91372"
"18680","67589"
"18683","67589"
"18753","66241"
"19206","48482"
"19428","56239"
"19429","56239"
"19556","49497"
"19629","71601"
"19654","45084"
"19796","42583"
"20054","43133"
"19917","47459"
"19930","49062"
"20447","59778"
"20466","66579"
"20475","70697"
"20638","65245"
"20639","65245"
"20545","58351"
"20763","38043"
"20874","74447"
"20875","74447"
"20879","45502"
"20921","74494"
"20922","74494"
"20925","74494"
"21231","40659"
"21288","47644"
"21289","47644"
"21456","40704"
"21721","53792"
"21626","72782"
"21627","72782"
"21628","72782"
"21794","45725"
"21835","38318"
"22056","56868"
"22059","56868"
"22060","56868"
"22089","38744"
"22005","59457"
"22006","59457"
"22260","69191"
"22515","41238"
"22559","49163"
"22711","53792"
"22716","62396"
"23133","41466"
"23329","75467"
"23162","64015"
"23830","69386"
"23831","69386"
"23835","41896"
"23745","38744"
"24027","58351"
"24051","70282"
"24052","70282"
"24053","70282"
"24378","68855"
"24268","38318"
"24297","46997"
"24661","40608"
"24711","44316"
"24729","57498"
"24749","73353"
"25096","45523"
"25134","49655"
"25070","49413"
"25072","49413"
"25344","68939"
"25227","56995"
"25651","64360"
"25744","62442"
"25955","67589"
"25801","57489"
"25803","57489"
"25851","53109"
"26022","63227"
"26364","59893"
"26574","68504"
"26625","41497"
"26747","52042"
"26677","48331"
"26681","48331"
"26690","51780"
"26935","73301"
"27087","52637"
"27088","52637"
"27091","53792"
"27092","53792"
"27050","63044"
"27070","56156"
"27214","49222"
"27341","57097"
"27285","57592"
"27315","70697"
"27729","63227"
"28099","74843"
"28128","42646"
"28130","42646"
"28385","63191"
"28386","63191"
"28506","38343"
"28509","38343"
"28598","54069"
"28599","54069"
"28694","54069"
"28697","54069"
"28896","41923"
"28992","65312"
"28749","52657"
"29205","50394"
"29207","50394"
"29213","39204"
"29261","68939"
"29310","38288"
"29313","38288"
"29543","72425"
"29616","58788"
"29880","74843"
"30308","45523"
"30340","54121"
"30347","59776"
"30348","59776"
"30349","59776"
"30350","59776"
"30492","72760"
"30426","72294"
"30763","51875"
"30818","49016"
"31111","79808"
"31146","87114"
"31149","64929"
"31151","64929"
"31155","81400"
"31195","47459"
"31372","83476"
"31374","83476"
"31692","89604"
"31629","92554"
"31630","92554"
"31632","92554"
"31634","61111"
"31672","79066"
"29406","49736"
"29409","49736"
"29416","68939"
"29437","62500"
"29439","62500"
"29775","45523"
"29777","45523"
"29876","40550"
"29895","66395"
"29897","66395"
"30351","51780"
"30531","58731"
"30532","40879"
"30545","53304"
"30660","70282"
"30662","70282"
"30820","52156"
"30900","62292"
"30924","72561"
"30953","56738"
"31093","72803"
"31194","59913"
"31477","79805"
"31825","38209"
"31970","42583"
"32262","40257"
"32682","49016"
"33134","72782"
"33135","72782"
"33137","72782"
"33153","64929"
"33196","51780"
"33213","53304"
"33291","88809"
"33292","88809"
"33397","69994"
"33508","40257"
"33510","40257"
"33558","87556"
"33912","71029"
"33806","49413"
"33807","49413"
"33851","85112"
"34188","81598"
"34231","67391"
"34232","67391"
"34234","67391"
"34278","38288"
"34281","38288"
"34346","55498"
"34350","55498"
"34466","46952"
"34521","40550"
"34765","60480"
"35495","84694"
"35600","55498"
"35707","70545"
"36180","61083"
"36293","67589"
"36294","67589"
"36472","38744"
"36570","65187"
"36571","65187"
"36575","57592"
"36576","57592"
"36792","67589"
"37085","91354"
"37086","91354"
"37087","91354"
"37153","90082"
"37221","87556"
"37474","44439"
"37476","49036"
"37478","49036"
"37537","83547"
"37673","56156"
"37676","56156"
"38016","81931"
"38081","66127"
"38268","69386"
"38279","42607"
"38280","42607"
"38343","61264"
"38561","61239"
"38628","66241"
"38658","90580"
"38665","77822"
"38667","77822"
"38600","55710"
"38602","55710"
"38783","56244"
"38787","72450"
"39014","39371"
"39015","39371"
"39016","39371"
"39125","48778"
"39237","76970"
"39238","76970"
"39390","77321"
"39448","89450"
"39899","63386"
"39769","47673"
"39771","47673"
"39875","37955"
"40045","77822"
"40074","83092"
"40294","76778"
"40524","53088"
"40542","41081"
"40544","41081"
"40545","41081"
"40569","90111"
"40620","81902"
"41084","92554"
"41086","92554"
"41210","72425"
"41211","72425"
"41212","72425"
"41222","59913"
"41351","69146"
"41223","59913"
"41376","38288"
"41455","81012"
"41628","87378"
"41741","90580"
"41791","50290"
"41924","83121"
"41931","67032"
"41932","67032"
"41947","43652"
"41949","43652"
"42015","87673"
"42016","87673"
"42082","89618"
"42115","47188"
"42116","47188"
"42212","72425"
"42242","90858"
"42308","84011"
"42408","53304"
"42409","53304"
"42410","53304"
"42439","43292"
"42503","87826"
"42504","87826"
"41523","40273"
"41694","51999"
"41848","56140"
"41993","53050"
"42040","57493"
"42467","81709"
"42488","53091"
"42545","79922"
"42660","70282"
"42667","90614"
"42638","87419"
"42831","77321"
"43179","91372"
"43184","83400"
"43191","40257"
"43601","88868"
"43605","88868"
"43882","49036"
"44435","62500"
"44353","69386"
"44354","69386"
"44404","91770"
"44265","52743"
"44549","87543"
"44551","87543"
"44566","52156"
"44901","81012"
"44953","40550"
"44954","40550"
"45111","47005"
"45137","87354"
"45138","87354"
"45342","44724"
"45386","73351"
"45485","38318"
"45421","46997"
"45422","46997"
"45528","44781"
"45884","51652"
"45794","92188"
"46466","42455"
"46468","66579"
"46393","84735"
"46395","84735"
"46606","82801"
"46766","40704"
"46958","82152"
"46919","91271"
"47537","79066"
"47746","87889"
"47809","88060"
"47810","88060"
"47851","77532"
"47888","82656"
"47940","63227"
"47942","90111"
"47946","92524"
"47949","92524"
"47998","52715"
"48041","39504"
"48045","39504"
"48172","63227"
"48154","64929"
"48233","61239"
"48378","77822"
"48379","77822"
"48380","77822"
"48457","46583"
"48458","46583"
"48647","57592"
"48621","50290"
"48624","50290"
"49159","89604"
"49199","78724"
"49202","78724"
"49293","83290"
"49294","83290"
"49296","83290"
"49749","43990"
"49790","84327"
"49853","65187"
"49893","44863"
"49991","39346"
"50321","51796"
"50226","56047"
"50242","38288"
"50189","89596"
"50191","85957"
"50408","49497"
"50526","93361"
"50572","84465"
"50865","90570"
"51056","87402"
"50912","85854"
"51128","81012"
"51536","57498"
"51378","42455"
"51380","42455"
"51384","67578"
"51387","67578"
"51611","86471"
"51658","87354"
"51659","87354"
"51753","52042"
"52033","83304"
"52035","83304"
"52142","87969"
"52144","87969"
"52259","62954"
"52263","63386"
"52706","92524"
"52710","92524"
"53096","42362"
"53149","88115"
"53183","80253"
"53279","66579"
"53669","52871"
"53508","62396"
"53523","41144"
"53525","41144"
"53526","41144"
"53944","41159"
"54130","89604"
"54131","89604"
"54189","52743"
"54515","83092"
"54404","61956"
"54448","83092"
"54451","83092"
"54461","83304"
"54699","90082"
"54721","80089"
"54723","80089"
"54725","80089"
"54648","70400"
"54814","46583"
"54815","46583"
"54821","64693"
"54915","75467"
"54948","62954"
"55055","61503"
"55313","61486"
"55269","61486"
"55176","40608"
"55233","82716"
"55235","82716"
"55428","80352"
"55460","41358"
"55461","41358"
"6533","53304"
"6889","42455"
"6911","64929"
"6913","64929"
"7004","45523"
"7009","58407"
"7370","48331"
"7806","74028"
"8080","40879"
"8113","37955"
"8214","40778"
"8216","40778"
"8231","45331"
"8246","57753"
"8286","55397"
"8447","56778"
"8500","74557"
"8569","65312"
"8571","65312"
"8632","45949"
"8660","72425"
"8863","62500"
"8866","62500"
"8850","58407"
"9191","65245"
"9084","68939"
"9035","74843"
"9372","58731"
"9308","55498"
"9311","55498"
"9578","59569"
"9692","71859"
"9738","51006"
"9739","51006"
"10005","66094"
"10082","50767"
"10215","58610"
"10218","58610"
"10320","53912"
"10432","59779"
"10435","56541"
"10633","67578"
"10511","50784"
"10514","72149"
"10516","72149"
"10828","54571"
"10829","54571"
"10840","74470"
"10969","67557"
"11337","66773"
"11486","48988"
"11413","69884"
"11414","69884"
"11784","56778"
"11785","56778"
"11787","56778"
"11917","44863"
"11970","49967"
"12315","38209"
"12317","38209"
"12410","71783"
"12613","56995"
"12742","50555"
"12831","41497"
"12916","50290"
"12946","73281"
"12947","73281"
"13127","66127"
"13233","56047"
"13237","59416"
"13299","57141"
"13313","39204"
"13378","39562"
"13619","58530"
"13735","67174"
"14008","63191"
"14009","63191"
"14270","52702"
"14366","48519"
"14375","44710"
"14376","44710"
"14612","43161"
"14816","57335"
"14818","58467"
"14820","58467"
"15454","73351"
"15455","73351"
"15420","66579"
"15498","69146"
"15653","49696"
"15656","49696"
"15675","60388"
"15723","75236"
"15724","75236"
"15728","63191"
"15934","38209"
"15936","38209"
"15887","59569"
"15888","59569"
"16019","59457"
"16118","38005"
"16119","38005"
"16130","59037"
"16132","59037"
"16492","54755"
"16520","49568"
"16531","41923"
"16532","41923"
"16587","44781"
"16713","49413"
"16770","63386"
"16793","49413"
"16919","41398"
"16966","50555"
"17194","75236"
"17247","49967"
"17248","49967"
"17498","74494"
"17639","47424"
"17627","56721"
"17943","56156"
"17840","48988"
"17869","71029"
"17768","55397"
"18021","74617"
"18222","64966"
"18259","61361"
"18267","63961"
"18368","72276"
"18406","72425"
"18579","68504"
"18837","64693"
"19417","47479"
"19458","50452"
"19460","50452"
"19483","41497"
"19541","57335"
"19681","69884"
"19693","41628"
"19701","66011"
"19728","66579"
"19730","66579"
"19781","40778"
"19856","59368"
"19857","59368"
"20110","75266"
"20111","75266"
"20153","66773"
"19967","40861"
"19973","70282"
"20221","64929"
"20172","53792"
"20481","52743"
"20482","52743"
"20484","52743"
"664","57141"
"666","70700"
"783","38005"
"797","53088"
"801","65852"
"807","75266"
"813","53385"
"821","48482"
"850","39346"
"851","39346"
"859","40600"
"870","40550"
"873","40550"
"876","55397"
"883","56738"
"911","70600"
"931","59430"
"933","50305"
"961","62500"
"971","39777"
"992","74557"
"993","58190"
"997","56993"
"1008","63044"
"1012","56631"
"1023","61143"
"1035","51573"
"1041","45502"
"1053","39216"
"1057","39216"
"1063","51006"
"1064","48331"
"1083","50129"
"2293","40837"
"2303","56244"
"2311","39667"
"2331","40778"
"2333","40778"
"2339","70871"
"2343","38135"
"2353","48409"
"2361","39898"
"2364","39898"
"2371","44370"
"2374","48118"
"2376","48118"
"2389","57327"
"2390","57327"
"2393","57327"
"2400","49062"
"2405","48482"
"2409","69686"
"2411","69686"
"2421","55146"
"2431","48589"
"2432","48589"
"2440","45523"
"2469","65311"
"2470","65311"
"2473","69540"
"2474","69540"
"2480","67557"
"2485","59913"
"2555","57087"
"2556","43292"
"2560","43292"
"2567","69540"
"2570","42455"
"2581","51780"
"2589","39346"
"2522","41923"
"2524","41923"
"2530","46564"
"2533","44724"
"2539","42713"
"2499","48988"
"2500","48988"
"2505","40879"
"2508","47424"
"2737","40550"
"2739","48482"
"2756","48118"
"2758","48118"
"2768","41500"
"2774","39777"
"2780","58467"
"2792","50452"
"2796","73351"
"2797","73351"
"2804","55146"
"2805","55146"
"2813","61717"
"2820","48409"
"2824","73736"
"2832","53016"
"2836","53016"
"2847","39257"
"2874","56868"
"2875","56868"
"2881","49413"
"2884","49413"
"2889","61793"
"2891","61793"
"7518","73353"
"7542","52637"
"7545","52637"
"7550","66646"
"7580","48778"
"7585","57335"
"7586","57335"
"7647","61044"
"7648","61044"
"7595","52715"
"7611","46025"
"7612","46025"
"7613","46025"
"7634","50845"
"8873","59328"
"8875","59328"
"8876","59328"
"8877","59328"
"8879","73446"
"8892","51350"
"8899","58407"
"8923","45502"
"8929","68939"
"8950","39346"
"8953","39346"
"8961","47673"
"8970","49163"
"8986","43131"
"22938","66094"
"22957","64693"
"22959","64693"
"22982","52702"
"23016","56244"
"23017","56244"
"23043","50784"
"23468","65272"
"23469","65272"
"23509","43133"
"23520","53304"
"30062","74594"
"30244","71859"
"30170","46034"
"30137","41749"
"36048","63044"
"36071","52630"
"36072","52630"
"36082","88060"
"47021","87366"
"48761","82792"
"52750","69386"
"52809","92132"
"52810","92132"
"52813","92132"
"52820","67833"
"52849","63044"
"52871","42713"
"52903","83304"
"52925","44724"
"52926","44724"
"52939","72594"
"52941","72594"
"52954","79962"
"52955","79962"
"381","73301"
"522","56239"
"893","38135"
"994","58190"
"1020","48409"
"1061","51006"
"1361","74028"
"1487","43161"
"1634","69540"
"1893","66241"
"2075","51929"
"2526","49036"
"2799","42362"
"2840","59779"
"2864","53050"
"2882","49413"
"3041","56541"
"3067","48519"
"3224","41896"
"3280","48988"
"3379","44986"
"3556","53109"
"3600","54957"
"3662","56868"
"3668","62396"
"4039","59350"
"4172","53573"
"4188","43161"
"4548","40273"
"4690","48589"
"4759","57753"
"4771","66109"
"5079","57834"
"5356","54957"
"5671","72743"
"5755","51999"
"5785","72425"
"5895","68939"
"5924","64360"
"6166","61793"
"6382","73351"
"6278","50480"
"6581","44701"
"6590","46186"
"6592","41749"
"6811","61486"
"6827","71601"
"6918","58407"
"7017","41923"
"7124","53016"
"7200","64370"
"7328","53088"
"7384","56140"
"7567","61111"
"7680","66109"
"7724","72425"
"7873","61083"
"7967","49222"
"8179","52637"
"8360","52862"
"8505","71855"
"8853","58407"
"9110","51573"
"9024","59368"
"9329","52743"
"10087","39346"
"10428","55498"
"10520","62500"
"10937","69146"
"10991","67391"
"11774","72803"
"11644","61044"
"11653","50480"
"11668","70282"
"11974","51350"
"12546","74843"
"12625","58076"
"12666","73983"
"12958","63386"
"13021","56541"
"13066","59037"
"13239","38135"
"13465","74028"
"13519","72610"
"13766","75266"
"13851","59776"
"14011","59368"
"14316","54587"
"14386","57834"
"14660","59037"
"14514","40273"
"14891","50784"
"15028","65763"
"15418","66579"
"15526","75467"
"15694","59776"
"15722","75236"
"15864","59081"
"15875","45084"
"16189","39257"
"16468","41238"
"16677","56954"
"16588","44781"
"16956","38005"
"17500","74494"
"17408","73301"
"17418","75450"
"17419","75450"
"17668","38744"
"17606","52553"
"17630","56721"
"18088","66646"
"18110","68640"
"18440","48409"
"18442","48409"
"18682","67589"
"19147","50394"
"19204","48482"
"19205","48482"
"19709","45331"
"19782","40778"
"19789","49925"
"20135","42362"
"19974","70282"
"20171","53792"
"20317","70871"
"20656","50420"
"20569","40944"
"20895","63735"
"21297","63995"
"21654","50420"
"22175","43133"
"22618","53912"
"23206","67032"
"23707","48519"
"23944","57498"
"24902","56894"
"25280","41144"
"25680","39957"
"25960","72149"
"26365","59893"
"26933","73301"
"27359","61044"
"27362","49967"
"27485","64693"
"27675","61239"
"27722","68948"
"28469","63735"
"29128","45600"
"30659","70282"
"32492","54725"
"32264","40257"
"32622","82104"
"32730","82152"
"33160","67391"
"33210","53304"
"33583","40659"
"37107","67578"
"37224","48147"
"37323","87556"
"37522","91372"
"37766","61191"
"38241","88082"
"38603","55710"
"38608","84249"
"38932","77822"
"39111","41497"
"39234","76970"
"40655","64693"
"41208","72425"
"41340","64929"
"41227","42181"
"41838","67174"
"42157","57834"
"42873","40608"
"43189","40257"
"43604","88868"
"43709","57489"
"44467","76865"
"44330","86054"
"45508","78550"
"45510","78550"
"46369","41144"
"46484","52637"
"46396","84735"
"46707","87889"
"47345","72450"
"47932","73446"
"47947","92524"
"48007","42583"
"48171","63227"
"48577","41500"
"49789","84327"
"49886","81902"
"50869","90570"
"51238","72760"
"51438","87969"
"51704","64280"
"51823","44724"
"52824","47424"
"53336","89596"
"53734","84465"
"54013","40225"
"54059","82104"
"53952","82656"
"54478","77822"
"54440","81709"
"54816","46583"
"55094","61083"
"55140","77321"
"55367","79962"
"55985","82686"
"56198","57498"
"56398","87402"
"56340","80902"
"56912","86429"
"57151","80809"
"57503","88100"
"57771","37955"
"58115","46952"
"58347","40600"
"58349","40600"
"58645","83631"
"58759","88189"
"59609","83884"
"59613","84465"
"59831","72450"
"60714","54725"
"60984","56140"
"61091","81400"
"61180","80769"
"61307","51999"
"61355","42455"
"61357","91372"
"61451","76865"
"61454","76865"
"61389","40600"
"38","69146"
"105","58731"
"165","53091"
"402","74472"
"530","72803"
"665","61111"
"551","44724"
"586","51780"
"768","49915"
"781","72276"
"798","53088"
"941","63191"
"1082","50129"
"1330","63386"
"1403","43131"
"1417","56239"
"1436","74480"
"1480","70400"
"1521","47644"
"1619","74594"
"1912","45887"
"1929","39777"
"1933","72561"
"2103","48331"
"2318","52862"
"2417","55146"
"2554","57087"
"2566","69540"
"2534","44724"
"2672","51544"
"2876","56868"
"3022","61503"
"3296","57278"
"3315","41466"
"3374","39216"
"3472","66579"
"3621","49163"
"3983","46583"
"4084","61044"
"4092","40879"
"4535","55146"
"4755","43161"
"5408","61083"
"5763","39562"
"5802","56047"
"6094","50656"
"6091","39667"
"6330","45887"
"6475","57278"
"6492","49925"
"6615","59622"
"6721","62292"
"6733","63764"
"6743","61486"
"6640","59350"
"6808","61486"
"6779","65312"
"7068","46025"
"7226","40257"
"7440","57327"
"7517","73353"
"7554","66646"
"7655","39257"
"7594","52715"
"7829","53682"
"7876","63191"
"8263","53682"
"8437","59081"
"8840","45429"
"9133","47479"
"9557","44439"
"9658","43830"
"9801","49497"
"9888","51328"
"9889","51328"
"10003","50297"
"10532","41896"
"10772","68640"
"11563","68728"
"11641","61044"
"11694","45092"
"11940","39898"
"12734","40339"
"13073","58540"
"13156","52042"
"13355","59778"
"13363","47459"
"13450","42181"
"13665","47005"
"13898","45429"
"14063","49990"
"13955","47188"
"14012","59368"
"14149","40959"
"14283","72149"
"14623","61361"
"14551","50452"
"14579","55710"
"14488","51999"
"14606","42646"
"14736","57369"
"14823","67174"
"14920","50290"
"15348","71564"
"15417","66579"
"15758","56738"
"15760","56738"
"15861","50656"
"15959","48519"
"16018","59457"
"16508","65245"
"16766","61044"
"16837","46583"
"17001","74470"
"17033","73736"
"17439","49967"
"17413","47673"
"17590","73351"
"17973","40600"
"18258","61361"
"19148","50394"
"19474","51544"
"19997","70400"
"20231","40959"
"20483","52743"
"21196","51652"
"21138","49222"
"22233","48331"
"22560","49163"
"22823","42583"
"22881","61264"
"23293","45523"
"23508","43133"
"24186","71601"
"24270","38318"
"24272","38318"
"24568","52743"
"24570","52743"
"24571","52743"
"24809","49036"
"25106","75266"
"25974","72808"
"25957","67589"
"26045","49176"
"26256","49222"
"26191","45949"
"26575","68504"
"26835","53792"
"27100","45887"
"27249","65311"
"27252","65311"
"27776","57369"
"27780","57369"
"28152","50420"
"28513","48449"
"28645","47644"
"28693","74557"
"28893","41923"
"29231","68640"
"29288","44710"
"29773","45523"
"29826","65245"
"29978","68855"
"29896","66395"
"30658","70282"
"30860","66579"
"31154","81400"
"31479","79805"
"31631","92554"
"31757","83121"
"32727","82656"
"33461","86429"
"33464","86429"
"33849","85112"
"34661","81931"
"35701","57592"
"36175","76193"
"37067","80662"
"37111","72803"
"37666","49062"
"37754","83092"
"38281","42607"
"38531","60328"
"38782","56244"
"38923","90634"
"40925","66646"
"41350","69146"
"41525","62508"
"41500","69994"
"41745","83304"
"41893","87114"
"42117","47188"
"42402","86429"
"42640","87419"
"42666","90614"
"42863","40600"
"44167","67391"
"44952","40550"
"44995","71029"
"45993","89325"
"46767","40704"
"47567","42607"
"50320","51796"
"50241","38288"
"53082","83842"
"53095","42362"
"53232","78610"
"53444","51006"
"53472","83121"
"53560","92554"
"54447","83092"
"54583","90082"
"54596","54571"
"54877","49568"
"55333","82792"
"55342","41144"
"55470","81837"
"55685","87766"
"55741","41466"
"55994","76069"
"55996","76069"
"56404","85117"
"56828","40600"
"56872","88148"
"56783","91770"
"56884","93361"
"57054","88868"
"57116","78874"
"57461","53088"
"57510","87602"
"58057","81384"
"58193","82656"
"58560","86228"
"59351","79962"
"59446","86429"
"60209","86437"
"60231","64723"
"60547","65272"
"60571","57834"
"60601","80107"
"60844","82104"
"61098","37965"
"61290","65187"
"61571","50290"
"61390","40600"
"136","54587"
"102","68504"
"137","39371"
"203","59416"
"319","40608"
"518","51796"
"542","65272"
"604","58467"
"701","57592"
"767","49915"
"788","52042"
"799","65852"
"968","39777"
"1013","56631"
"1038","51780"
"1114","48482"
"1195","47479"
"1566","41398"
"1735","57087"
"1768","52309"
"1781","71783"
"1799","52871"
"1800","52871"
"2210","54587"
"2471","65311"
"2472","69540"
"2503","40879"
"2671","51544"
"2706","51875"
"2964","61717"
"3106","48118"
"3139","50305"
"3417","59457"
"3684","52715"
"3806","40861"
"3812","40778"
"3830","39667"
"3984","46583"
"4005","56894"
"4023","39562"
"4556","38343"
"4643","57489"
"5239","48449"
"5332","61191"
"5421","54587"
"5455","72450"
"5793","45092"
"5947","41398"
"6491","49925"
"6626","69386"
"6673","39216"
"6797","45429"
