"EmployeID","Employee"
"0","Unknown"
"1","Lily Code"
"2","Isabella Rupp"
"3","Ethan Onslow"
"4","Amy Trefl"
"5","Jai Shand"
"6","Anthony Grosse"
"7","Taj Shand"
"8","Hudson Hollinworth"
"9","Jack Potter"
"10","Piper Koch"
"11","Hudson Onslow"
"12","Sophia Hinton"
"13","Henry Forlonge"
"14","Stella Rosenhain"
"15","Kayla Woodcock"
"16","Katie Darwin"
"17","Alica Fatnowna"
"18","Eva Muirden"
"19","Archer Lamble"
"20","Isabella Rupp"
"21","Lily Code"
"22","Ethan Onslow"
"23","Amy Trefl"
"24","Jai Shand"
"25","Anthony Grosse"
"26","Taj Shand"
"27","Hudson Hollinworth"
"28","Jack Potter"
"29","Taj Shand"
"30","Hudson Hollinworth"
"31","Lily Code"
"32","Piper Koch"
"33","Jai Shand"
"34","Ethan Onslow"
"35","Amy Trefl"
"36","Taj Shand"
"37","Ethan Onslow"
"38","Hudson Onslow"
"39","Jack Potter"
"40","Hudson Hollinworth"
"41","Sophia Hinton"
"42","Henry Forlonge"
"43","Stella Rosenhain"
"44","Jai Shand"
"45","Lily Code"
"46","Anthony Grosse"
"47","Anthony Grosse"
"48","Lily Code"
"49","Hudson Onslow"
"50","Amy Trefl"
"51","Amy Trefl"
"52","Sophia Hinton"
"53","Jai Shand"
"54","Kayla Woodcock"
"55","Isabella Rupp"
"56","Lily Code"
"57","Anthony Grosse"
"58","Lily Code"
"59","Piper Koch"
"60","Jai Shand"
"61","Lily Code"
"62","Anthony Grosse"
"63","Kayla Woodcock"
"64","Jai Shand"
"65","Amy Trefl"
"66","Stella Rosenhain"
"67","Ethan Onslow"
"68","Hudson Hollinworth"
"69","Jai Shand"
"70","Sophia Hinton"
"71","Henry Forlonge"
"72","Lily Code"
"73","Stella Rosenhain"
"74","Taj Shand"
"75","Piper Koch"
"76","Lily Code"
"77","Hudson Hollinworth"
"78","Amy Trefl"
"79","Ethan Onslow"
"80","Hudson Onslow"
"81","Kayla Woodcock"
"82","Katie Darwin"
"83","Amy Trefl"
"84","Anthony Grosse"
"85","Hudson Hollinworth"
"86","Lily Code"
"87","Ethan Onslow"
"88","Isabella Rupp"
"89","Sophia Hinton"
"90","Hudson Hollinworth"
"91","Hudson Onslow"
"92","Alica Fatnowna"
"93","Sophia Hinton"
"94","Anthony Grosse"
"95","Anthony Grosse"
"96","Taj Shand"
"97","Taj Shand"
"98","Stella Rosenhain"
"99","Piper Koch"
"100","Stella Rosenhain"
"101","Hudson Onslow"
"102","Jack Potter"
"103","Amy Trefl"
"104","Jai Shand"
"105","Hudson Onslow"
"106","Anthony Grosse"
"107","Taj Shand"
"108","Amy Trefl"
"109","Piper Koch"
"110","Stella Rosenhain"
"111","Jai Shand"
"112","Alica Fatnowna"
"113","Henry Forlonge"
"114","Jai Shand"
"115","Taj Shand"
"116","Kayla Woodcock"
"117","Katie Darwin"
"118","Taj Shand"
"119","Anthony Grosse"
"120","Stella Rosenhain"
"121","Alica Fatnowna"
"122","Lily Code"
"123","Stella Rosenhain"
"124","Katie Darwin"
"125","Isabella Rupp"
"126","Lily Code"
"127","Sophia Hinton"
"128","Alica Fatnowna"
"129","Taj Shand"
"130","Hudson Hollinworth"
"131","Jai Shand"
"132","Henry Forlonge"
"133","Isabella Rupp"
"134","Hudson Hollinworth"
"135","Alica Fatnowna"
"136","Jack Potter"
"137","Jai Shand"
"138","Jack Potter"
"139","Alica Fatnowna"
"140","Lily Code"
"141","Jai Shand"
"142","Isabella Rupp"
"143","Kayla Woodcock"
"144","Jack Potter"
"145","Hudson Onslow"
"146","Piper Koch"
"147","Piper Koch"
"148","Ethan Onslow"
"149","Jack Potter"
"150","Jack Potter"
"151","Hudson Hollinworth"
"152","Lily Code"
"153","Ethan Onslow"
"154","Sophia Hinton"
"155","Amy Trefl"
"156","Hudson Onslow"
"157","Jai Shand"
"158","Anthony Grosse"
"159","Ethan Onslow"
"160","Ethan Onslow"
"161","Sophia Hinton"
"162","Hudson Onslow"
"163","Hudson Onslow"
"164","Ethan Onslow"
"165","Taj Shand"
"166","Ethan Onslow"
"167","Hudson Hollinworth"
"168","Jack Potter"
"169","Alica Fatnowna"
"170","Amy Trefl"
"171","Kayla Woodcock"
"172","Hudson Hollinworth"
"173","Stella Rosenhain"
"174","Lily Code"
"175","Jack Potter"
"176","Jai Shand"
"177","Katie Darwin"
"178","Piper Koch"
"179","Archer Lamble"
"180","Taj Shand"
"181","Lily Code"
"182","Hudson Hollinworth"
"183","Henry Forlonge"
"184","Ethan Onslow"
"185","Stella Rosenhain"
"186","Alica Fatnowna"
"187","Anthony Grosse"
"188","Amy Trefl"
"189","Sophia Hinton"
"190","Eva Muirden"
"191","Isabella Rupp"
"192","Hudson Onslow"
"193","Kayla Woodcock"
"194","Kayla Woodcock"
"195","Hudson Onslow"
"196","Isabella Rupp"
"197","Eva Muirden"
"198","Sophia Hinton"
"199","Amy Trefl"
"200","Anthony Grosse"
"201","Alica Fatnowna"
"202","Stella Rosenhain"
"203","Ethan Onslow"
"204","Henry Forlonge"
"205","Hudson Hollinworth"
"206","Lily Code"
"207","Taj Shand"
"208","Archer Lamble"
"209","Piper Koch"
"210","Katie Darwin"
"211","Jai Shand"
"212","Jack Potter"
